Date,Open,High,Low,Close,Adj Close,Volume
2011-05-23,23.360000610351562,23.469999313354492,23.06999969482422,23.350000381469727,23.290048599243164,3200000
2011-05-24,23.440000534057617,23.59000015258789,23.06999969482422,23.190000534057617,23.130460739135742,2889100
2011-05-25,23.190000534057617,23.780000686645508,23.100000381469727,23.75,23.689022064208984,3687900
2011-05-26,23.6200008392334,23.790000915527344,23.40999984741211,23.56999969482422,23.509485244750977,5872900
2011-05-27,23.600000381469727,23.959999084472656,23.56999969482422,23.899999618530273,23.83863639831543,3046800
2011-05-31,24.0,24.5,23.770000457763672,24.40999984741211,24.347326278686523,6078800
2011-06-01,24.440000534057617,24.790000915527344,24.25,24.420000076293945,24.357301712036133,6238300
2011-06-02,24.389999389648438,24.670000076293945,24.190000534057617,24.239999771118164,24.177762985229492,5486800
2011-06-03,24.139999389648438,24.579999923706055,23.950000762939453,24.030000686645508,23.968305587768555,7042600
2011-06-06,23.950000762939453,24.31999969482422,23.709999084472656,23.799999237060547,23.738893508911133,4173800
2011-06-07,23.81999969482422,23.850000381469727,23.079999923706055,23.350000381469727,23.290048599243164,6671200
2011-06-08,23.280000686645508,23.350000381469727,22.639999389648438,22.719999313354492,22.661666870117188,6670300
2011-06-09,22.829999923706055,23.170000076293945,22.549999237060547,23.100000381469727,23.040691375732422,3535100
2011-06-10,22.969999313354492,23.200000762939453,22.780000686645508,22.809999465942383,22.751436233520508,4097900
2011-06-13,22.829999923706055,23.020000457763672,22.75,22.790000915527344,22.731489181518555,4084900
2011-06-14,22.950000762939453,23.270000457763672,22.799999237060547,23.200000762939453,23.14043617248535,4802200
2011-06-15,22.959999084472656,23.389999389648438,22.670000076293945,22.719999313354492,22.661666870117188,6933800
2011-06-16,22.729999542236328,22.860000610351562,22.209999084472656,22.420000076293945,22.362436294555664,4558000
2011-06-17,22.739999771118164,22.799999237060547,22.200000762939453,22.239999771118164,22.182897567749023,5059900
2011-06-20,22.229999542236328,22.5,22.200000762939453,22.360000610351562,22.30259132385254,2706000
2011-06-21,22.5,22.809999465942383,22.190000534057617,22.68000030517578,22.621768951416016,4099500
2011-06-22,22.59000015258789,22.790000915527344,22.489999771118164,22.540000915527344,22.48213005065918,2346000
2011-06-23,22.270000457763672,22.270000457763672,21.469999313354492,21.899999618530273,21.843772888183594,10723800
2011-06-24,21.8700008392334,21.899999618530273,21.610000610351562,21.770000457763672,21.7141056060791,5020700
2011-06-27,21.780000686645508,21.8799991607666,21.600000381469727,21.709999084472656,21.654258728027344,4815200
2011-06-28,21.81999969482422,22.579999923706055,21.729999542236328,22.549999237060547,22.492101669311523,5983900
2011-06-29,22.479999542236328,23.940000534057617,22.479999542236328,23.610000610351562,23.54938316345215,8716700
2011-06-30,23.610000610351562,23.719999313354492,23.329999923706055,23.600000381469727,23.53940773010254,4357400
2011-07-01,23.56999969482422,24.200000762939453,23.399999618530273,24.190000534057617,24.127893447875977,4909800
2011-07-05,24.25,24.84000015258789,24.149999618530273,24.31999969482422,24.257556915283203,5074400
2011-07-06,24.329999923706055,24.549999237060547,24.219999313354492,24.350000381469727,24.2874813079834,4112700
2011-07-07,24.59000015258789,24.93000030517578,24.479999542236328,24.829999923706055,24.76624870300293,3795200
2011-07-08,24.579999923706055,25.049999237060547,24.489999771118164,25.049999237060547,24.98568344116211,4278400
2011-07-11,24.959999084472656,24.969999313354492,24.260000228881836,24.389999389648438,24.327377319335938,3675000
2011-07-12,24.399999618530273,24.56999969482422,24.1299991607666,24.170000076293945,24.10794448852539,5341500
2011-07-13,23.350000381469727,24.489999771118164,23.329999923706055,23.90999984741211,23.848609924316406,13961900
2011-07-14,23.489999771118164,23.760000228881836,23.190000534057617,23.510000228881836,23.44963836669922,9365800
2011-07-15,23.6299991607666,23.770000457763672,23.420000076293945,23.600000381469727,23.53940773010254,10622700
2011-07-18,23.549999237060547,23.65999984741211,23.309999465942383,23.610000610351562,23.54938316345215,5615300
2011-07-19,23.799999237060547,24.239999771118164,23.799999237060547,24.100000381469727,24.038124084472656,9271600
2011-07-20,24.200000762939453,24.200000762939453,23.84000015258789,24.010000228881836,23.94835662841797,9361600
2011-07-21,24.040000915527344,24.1299991607666,23.770000457763672,23.889999389648438,23.82866096496582,8658700
2011-07-22,23.940000534057617,24.049999237060547,23.889999389648438,23.93000030517578,23.868558883666992,7363400
2011-07-25,23.850000381469727,24.329999923706055,23.65999984741211,24.06999969482422,24.008201599121094,6434600
2011-07-26,24.190000534057617,24.200000762939453,23.719999313354492,23.809999465942383,23.74886703491211,7072200
2011-07-27,24.3700008392334,24.3700008392334,22.860000610351562,22.969999313354492,22.91102409362793,15212700
2011-07-28,22.90999984741211,23.059999465942383,22.520000457763672,22.559999465942383,22.502077102661133,4959400
2011-07-29,22.3799991607666,22.639999389648438,22.049999237060547,22.25,22.192873001098633,5121100
2011-08-01,22.399999618530273,22.459999084472656,21.760000228881836,21.950000762939453,21.893644332885742,6053600
2011-08-02,21.780000686645508,22.190000534057617,21.200000762939453,21.209999084472656,21.155542373657227,8069300
2011-08-03,21.18000030517578,21.399999618530273,20.719999313354492,21.34000015258789,21.28520965576172,6667500
2011-08-04,21.040000915527344,21.139999389648438,20.139999389648438,20.149999618530273,20.098264694213867,9517000
2011-08-05,20.290000915527344,20.489999771118164,19.030000686645508,20.0,19.948650360107422,11431300
2011-08-08,19.530000686645508,19.690000534057617,18.149999618530273,18.149999618530273,18.1033992767334,10353800
2011-08-09,18.270000457763672,18.639999389648438,17.579999923706055,18.600000381469727,18.552244186401367,14181900
2011-08-10,18.260000228881836,18.260000228881836,17.520000457763672,17.6200008392334,17.57476234436035,13769500
2011-08-11,18.280000686645508,19.3799991607666,18.040000915527344,19.149999618530273,19.100831985473633,15250500
2011-08-12,19.1299991607666,19.940000534057617,18.75,19.93000030517578,19.878829956054688,11047500
2011-08-15,19.950000762939453,20.389999389648438,19.790000915527344,20.260000228881836,20.207983016967773,5443500
2011-08-16,20.110000610351562,20.239999771118164,19.670000076293945,20.020000457763672,19.968599319458008,4605500
2011-08-17,20.139999389648438,20.40999984741211,19.530000686645508,19.90999984741211,19.8588809967041,6311900
2011-08-18,19.34000015258789,19.389999389648438,18.40999984741211,18.8700008392334,18.821552276611328,7530300
2011-08-19,18.530000686645508,19.81999969482422,18.5,19.309999465942383,19.260421752929688,10294200
2011-08-22,19.68000030517578,19.940000534057617,19.440000534057617,19.600000381469727,19.5496768951416,6435900
2011-08-23,19.65999984741211,20.309999465942383,19.06999969482422,20.309999465942383,20.257854461669922,5556000
2011-08-24,20.229999542236328,20.43000030517578,19.84000015258789,20.34000015258789,20.287776947021484,3385500
2011-08-25,20.440000534057617,20.510000228881836,19.979999542236328,20.399999618530273,20.34762191772461,6045100
2011-08-26,20.270000457763672,21.6200008392334,20.260000228881836,21.5,21.444799423217773,11468700
2011-08-29,21.780000686645508,22.690000534057617,21.68000030517578,22.280000686645508,22.222797393798828,8212900
2011-08-30,22.18000030517578,23.0,22.020000457763672,22.559999465942383,22.502077102661133,8506800
2011-08-31,22.3700008392334,22.780000686645508,22.31999969482422,22.579999923706055,22.52202606201172,8981000
2011-09-01,22.530000686645508,22.799999237060547,21.93000030517578,21.959999084472656,21.90361785888672,6858200
2011-09-02,21.729999542236328,22.1299991607666,21.15999984741211,21.989999771118164,21.93354034423828,6580600
2011-09-06,21.3799991607666,22.0,21.040000915527344,21.889999389648438,21.833797454833984,6488700
2011-09-07,22.149999618530273,22.729999542236328,22.149999618530273,22.549999237060547,22.492101669311523,18505900
2011-09-08,22.469999313354492,22.5,21.93000030517578,22.079999923706055,22.0233097076416,9258000
2011-09-09,21.81999969482422,21.959999084472656,21.049999237060547,21.360000610351562,21.305158615112305,10049200
2011-09-12,21.190000534057617,22.170000076293945,21.100000381469727,22.06999969482422,22.013334274291992,10463200
2011-09-13,22.190000534057617,22.200000762939453,21.709999084472656,22.110000610351562,22.053232192993164,10782000
2011-09-14,22.239999771118164,23.0,22.09000015258789,22.68000030517578,22.621768951416016,9510700
2011-09-15,23.0,23.059999465942383,22.540000915527344,22.969999313354492,22.91102409362793,8231000
2011-09-16,22.979999542236328,23.139999389648438,22.700000762939453,23.010000228881836,22.9509220123291,8892700
2011-09-19,22.670000076293945,23.0,22.469999313354492,22.8700008392334,22.811283111572266,6827800
2011-09-20,22.93000030517578,23.56999969482422,22.739999771118164,22.90999984741211,22.851179122924805,6805500
2011-09-21,23.0,23.309999465942383,21.940000534057617,21.950000762939453,21.893644332885742,8919800
2011-09-22,21.290000915527344,21.389999389648438,20.459999084472656,20.760000228881836,20.70669937133789,9932100
2011-09-23,20.709999084472656,21.3700008392334,20.520000457763672,21.25,21.1954402923584,6838100
2011-09-26,21.510000228881836,22.079999923706055,21.190000534057617,21.760000228881836,21.704130172729492,9952500
2011-09-27,22.170000076293945,22.360000610351562,21.799999237060547,21.920000076293945,21.86372184753418,11540200
2011-09-28,22.1299991607666,22.219999313354492,20.969999313354492,21.010000228881836,20.956058502197266,6451000
2011-09-29,21.389999389648438,21.649999618530273,20.06999969482422,20.6200008392334,20.567060470581055,8118400
2011-09-30,20.420000076293945,20.989999771118164,20.329999923706055,20.450000762939453,20.39749526977539,6719700
2011-10-03,20.3799991607666,20.799999237060547,19.760000228881836,19.760000228881836,19.709266662597656,6540000
2011-10-04,19.479999542236328,20.270000457763672,18.989999771118164,20.270000457763672,20.217958450317383,7875900
2011-10-05,20.309999465942383,21.010000228881836,20.06999969482422,20.959999084472656,20.90618324279785,9052100
2011-10-06,21.0,22.559999465942383,20.850000381469727,22.559999465942383,22.502077102661133,12454200
2011-10-07,22.549999237060547,22.700000762939453,22.18000030517578,22.3799991607666,22.322538375854492,7138400
2011-10-10,22.729999542236328,23.59000015258789,22.25,23.59000015258789,23.529434204101562,7346800
2011-10-11,23.489999771118164,23.850000381469727,23.229999542236328,23.510000228881836,23.44963836669922,5622000
2011-10-12,23.719999313354492,23.989999771118164,23.5,23.729999542236328,23.6690731048584,5890300
2011-10-13,23.639999389648438,23.8799991607666,23.34000015258789,23.829999923706055,23.768815994262695,5663100
2011-10-14,24.09000015258789,24.540000915527344,23.940000534057617,24.540000915527344,24.47699546813965,4776700
2011-10-17,24.3700008392334,24.600000381469727,23.75,23.829999923706055,23.768815994262695,4614800
2011-10-18,24.06999969482422,24.790000915527344,23.790000915527344,24.510000228881836,24.447071075439453,6890900
2011-10-19,24.389999389648438,24.59000015258789,23.56999969482422,23.6200008392334,23.559356689453125,6168000
2011-10-20,23.5,23.790000915527344,22.809999465942383,23.40999984741211,23.349895477294922,7175600
2011-10-21,23.6200008392334,24.15999984741211,23.280000686645508,23.579999923706055,23.519458770751953,8178000
2011-10-24,23.8700008392334,24.950000762939453,23.8700008392334,24.940000534057617,24.875967025756836,7332800
2011-10-25,24.729999542236328,24.860000610351562,24.260000228881836,24.469999313354492,24.40717315673828,7056900
2011-10-26,24.90999984741211,24.93000030517578,23.739999771118164,24.389999389648438,24.327377319335938,8355500
2011-10-27,25.0,25.280000686645508,23.81999969482422,24.5,24.437097549438477,18728200
2011-10-28,23.559999465942383,24.8799991607666,23.559999465942383,24.100000381469727,24.038124084472656,9402800
2011-10-31,23.8700008392334,23.8700008392334,23.190000534057617,23.350000381469727,23.290048599243164,6439600
2011-11-01,22.540000915527344,23.020000457763672,22.270000457763672,22.459999084472656,22.402334213256836,8688500
2011-11-02,22.850000381469727,23.65999984741211,22.760000228881836,23.479999542236328,23.419713973999023,8774500
2011-11-03,23.760000228881836,24.510000228881836,23.329999923706055,24.3799991607666,24.31740379333496,12895700
2011-11-04,24.1299991607666,26.1299991607666,23.8700008392334,25.200000762939453,25.135299682617188,15199000
2011-11-07,25.110000610351562,25.200000762939453,24.18000030517578,24.489999771118164,24.427122116088867,6393700
2011-11-08,24.649999618530273,24.90999984741211,23.8700008392334,24.239999771118164,24.177762985229492,8699300
2011-11-09,23.68000030517578,23.770000457763672,22.979999542236328,23.030000686645508,22.970870971679688,4660300
2011-11-10,23.329999923706055,23.950000762939453,23.329999923706055,23.56999969482422,23.509485244750977,7451700
2011-11-11,23.790000915527344,24.079999923706055,23.639999389648438,23.899999618530273,23.83863639831543,5149300
2011-11-14,23.739999771118164,24.06999969482422,23.479999542236328,23.75,23.689022064208984,4649200
2011-11-15,23.639999389648438,23.940000534057617,23.34000015258789,23.809999465942383,23.74886703491211,4425600
2011-11-16,23.719999313354492,24.0,22.989999771118164,23.059999465942383,23.000791549682617,5683800
2011-11-17,22.959999084472656,22.989999771118164,22.18000030517578,22.31999969482422,22.262693405151367,6129400
2011-11-18,22.450000762939453,22.469999313354492,21.920000076293945,21.989999771118164,21.93354034423828,4241700
2011-11-21,21.559999465942383,21.790000915527344,20.889999389648438,21.6299991607666,21.574464797973633,7018500
2011-11-22,21.56999969482422,22.110000610351562,21.399999618530273,21.860000610351562,21.803876876831055,3928100
2011-11-23,21.579999923706055,21.670000076293945,20.940000534057617,20.940000534057617,20.8862361907959,4047000
2011-11-25,20.8799991607666,21.209999084472656,20.81999969482422,20.829999923706055,20.776517868041992,2277400
2011-11-28,21.979999542236328,22.440000534057617,21.510000228881836,22.09000015258789,22.033283233642578,7876500
2011-11-29,22.149999618530273,22.209999084472656,21.520000457763672,21.690000534057617,21.63431167602539,5002100
2011-11-30,22.479999542236328,23.209999084472656,22.440000534057617,23.190000534057617,23.130460739135742,7960900
2011-12-01,23.100000381469727,23.799999237060547,23.100000381469727,23.329999923706055,23.270099639892578,7345500
2011-12-02,23.579999923706055,23.799999237060547,22.950000762939453,23.0,22.940946578979492,4790600
2011-12-05,23.399999618530273,23.5,22.59000015258789,22.729999542236328,22.671640396118164,8257700
2011-12-06,22.850000381469727,23.40999984741211,22.65999984741211,23.149999618530273,23.09056282043457,7343100
2011-12-07,23.020000457763672,23.079999923706055,22.299999237060547,22.59000015258789,22.531999588012695,6718000
2011-12-08,22.520000457763672,22.549999237060547,21.459999084472656,21.489999771118164,21.434825897216797,7848400
2011-12-09,21.6200008392334,22.049999237060547,21.219999313354492,21.989999771118164,21.93354034423828,5365000
2011-12-12,21.81999969482422,21.920000076293945,21.34000015258789,21.68000030517578,21.62433624267578,3436700
2011-12-13,21.760000228881836,22.0,20.75,20.860000610351562,20.806442260742188,6699400
2011-12-14,20.790000915527344,20.8799991607666,20.260000228881836,20.34000015258789,20.287776947021484,6654900
2011-12-15,20.639999389648438,21.06999969482422,20.610000610351562,20.920000076293945,20.866287231445312,6385800
2011-12-16,21.1299991607666,21.520000457763672,20.1200008392334,20.229999542236328,20.17806053161621,11655100
2011-12-19,20.350000381469727,20.549999237060547,19.770000457763672,19.850000381469727,19.799036026000977,5483300
2011-12-20,20.06999969482422,20.6299991607666,19.959999084472656,20.56999969482422,20.517187118530273,3389900
2011-12-21,20.760000228881836,21.0,20.170000076293945,20.299999237060547,20.247879028320312,3922100
2011-12-22,20.299999237060547,20.489999771118164,20.010000228881836,20.299999237060547,20.247879028320312,3468700
2011-12-23,20.399999618530273,20.719999313354492,20.170000076293945,20.709999084472656,20.65682601928711,2235500
2011-12-27,20.809999465942383,21.25,20.65999984741211,21.010000228881836,20.956058502197266,5774300
2011-12-28,21.030000686645508,21.270000457763672,20.489999771118164,20.540000915527344,20.48726463317871,3363200
2011-12-29,20.59000015258789,20.90999984741211,20.3700008392334,20.860000610351562,20.806442260742188,2296700
2011-12-30,20.850000381469727,20.959999084472656,20.579999923706055,20.600000381469727,20.54711151123047,2027200
2012-01-03,21.049999237060547,21.450000762939453,21.020000457763672,21.299999237060547,21.245311737060547,4859500
2012-01-04,21.1200008392334,21.190000534057617,20.260000228881836,20.290000915527344,20.23790740966797,7479400
2012-01-05,20.399999618530273,20.809999465942383,20.15999984741211,20.530000686645508,20.4772891998291,5057700
2012-01-06,20.469999313354492,20.59000015258789,19.639999389648438,19.670000076293945,19.619497299194336,7231300
2012-01-09,19.969999313354492,19.969999313354492,19.079999923706055,19.420000076293945,19.370140075683594,11974600
2012-01-10,19.56999969482422,19.760000228881836,19.3799991607666,19.459999084472656,19.410036087036133,6737800
2012-01-11,19.299999237060547,19.520000457763672,19.190000534057617,19.3799991607666,19.330242156982422,6786400
2012-01-12,19.559999465942383,19.829999923706055,19.329999923706055,19.510000228881836,19.45990753173828,5889700
2012-01-13,19.270000457763672,19.34000015258789,17.950000762939453,18.040000915527344,17.993684768676758,18690400
2012-01-17,18.1299991607666,18.229999542236328,17.559999465942383,17.739999771118164,17.6944522857666,16483500
2012-01-18,17.719999313354492,18.280000686645508,17.700000762939453,18.260000228881836,18.213117599487305,7762000
2012-01-19,18.229999542236328,18.399999618530273,16.850000381469727,17.540000915527344,17.49496841430664,19894000
2012-01-20,18.0,18.239999771118164,17.6299991607666,17.93000030517578,17.88396453857422,11950700
2012-01-23,18.0,18.18000030517578,17.889999389648438,17.979999542236328,17.933835983276367,8974200
2012-01-24,18.190000534057617,18.190000534057617,17.5,17.940000534057617,17.893938064575195,9789500
2012-01-25,17.770000457763672,18.139999389648438,17.540000915527344,18.040000915527344,17.993684768676758,6058900
2012-01-26,18.049999237060547,18.43000030517578,17.59000015258789,17.65999984741211,17.61465835571289,6247300
2012-01-27,17.510000228881836,18.34000015258789,17.5,18.139999389648438,18.093425750732422,6775600
2012-01-30,18.0,18.079999923706055,17.799999237060547,18.030000686645508,17.98370933532715,5827400
2012-01-31,18.149999618530273,18.809999465942383,18.059999465942383,18.579999923706055,18.53229522705078,10794000
2012-02-01,18.700000762939453,18.700000762939453,18.100000381469727,18.440000534057617,18.392656326293945,9546800
2012-02-02,19.760000228881836,20.639999389648438,19.399999618530273,19.56999969482422,19.519752502441406,25830200
2012-02-03,19.799999237060547,19.959999084472656,19.149999618530273,19.239999771118164,19.19059944152832,11070200
2012-02-06,19.110000610351562,19.309999465942383,18.920000076293945,19.0,18.951217651367188,9443900
2012-02-07,18.969999313354492,19.010000228881836,18.40999984741211,18.489999771118164,18.442527770996094,10034800
2012-02-08,18.5,18.760000228881836,18.209999084472656,18.239999771118164,18.19316864013672,10334100
2012-02-09,17.940000534057617,18.190000534057617,17.520000457763672,17.8700008392334,17.824119567871094,16376200
2012-02-10,17.139999389648438,17.5,16.729999542236328,17.420000076293945,17.375274658203125,15862100
2012-02-13,17.479999542236328,17.739999771118164,17.309999465942383,17.489999771118164,17.445093154907227,6975400
2012-02-14,17.3799991607666,17.670000076293945,17.360000610351562,17.65999984741211,17.61465835571289,6295000
2012-02-15,17.6200008392334,18.0,17.440000534057617,17.75,17.70442771911621,6724400
2012-02-16,17.81999969482422,17.959999084472656,17.5,17.770000457763672,17.724376678466797,5612000
2012-02-17,17.75,17.860000610351562,17.280000686645508,17.469999313354492,17.42514419555664,8171700
2012-02-21,17.559999465942383,17.6299991607666,17.1299991607666,17.219999313354492,17.1757869720459,5185800
2012-02-22,17.260000228881836,17.360000610351562,17.09000015258789,17.1299991607666,17.08601951599121,4524200
2012-02-23,17.15999984741211,17.309999465942383,17.06999969482422,17.190000534057617,17.14586639404297,3254000
2012-02-24,17.200000762939453,17.329999923706055,16.829999923706055,16.93000030517578,16.886531829833984,7956600
2012-02-27,16.809999465942383,17.1200008392334,16.610000610351562,16.809999465942383,16.7668399810791,5665000
2012-02-28,16.829999923706055,16.899999618530273,16.639999389648438,16.709999084472656,16.667097091674805,5609500
2012-02-29,16.6200008392334,16.75,16.280000686645508,16.34000015258789,16.29804801940918,8730200
2012-03-01,16.329999923706055,16.709999084472656,16.049999237060547,16.690000534057617,16.64715003967285,12828300
2012-03-02,16.649999618530273,17.020000457763672,16.610000610351562,16.780000686645508,16.736919403076172,9665500
2012-03-05,16.719999313354492,16.850000381469727,16.309999465942383,16.489999771118164,16.447662353515625,5933900
2012-03-06,16.350000381469727,16.510000228881836,16.190000534057617,16.440000534057617,16.397790908813477,6873400
2012-03-07,16.469999313354492,16.56999969482422,16.239999771118164,16.510000228881836,16.46761131286621,5671800
2012-03-08,16.56999969482422,17.700000762939453,16.360000610351562,17.399999618530273,17.35532569885254,19118200
2012-03-09,17.43000030517578,17.65999984741211,17.0,17.260000228881836,17.21568489074707,9313400
2012-03-12,17.270000457763672,17.40999984741211,16.6200008392334,16.84000015258789,16.796764373779297,7918000
2012-03-13,16.950000762939453,17.290000915527344,16.760000228881836,17.280000686645508,17.235633850097656,5747500
2012-03-14,17.190000534057617,17.270000457763672,16.459999084472656,16.5,16.4576358795166,10552500
2012-03-15,16.510000228881836,16.8700008392334,16.459999084472656,16.709999084472656,16.667097091674805,6072500
2012-03-16,16.780000686645508,17.5,16.649999618530273,17.459999084472656,17.415170669555664,10161000
2012-03-19,17.3700008392334,17.399999618530273,17.110000610351562,17.170000076293945,17.125917434692383,6390700
2012-03-20,17.030000686645508,17.100000381469727,16.68000030517578,17.010000228881836,16.966325759887695,4776500
2012-03-21,16.969999313354492,17.18000030517578,16.889999389648438,16.920000076293945,16.876558303833008,4448100
2012-03-22,16.799999237060547,17.1200008392334,16.739999771118164,16.959999084472656,16.916454315185547,4744600
2012-03-23,17.020000457763672,17.149999618530273,16.809999465942383,16.860000610351562,16.816713333129883,2905500
2012-03-26,17.010000228881836,17.049999237060547,16.809999465942383,17.0,16.95635223388672,3315900
2012-03-27,17.25,17.639999389648438,16.989999771118164,17.020000457763672,16.976301193237305,4394500
2012-03-28,16.979999542236328,17.100000381469727,16.489999771118164,16.790000915527344,16.74689292907715,6392300
2012-03-29,16.670000076293945,16.8799991607666,16.290000915527344,16.489999771118164,16.447662353515625,6694500
2012-03-30,16.559999465942383,16.780000686645508,16.43000030517578,16.489999771118164,16.447662353515625,4035000
2012-04-02,16.479999542236328,16.790000915527344,16.270000457763672,16.709999084472656,16.667097091674805,4286800
2012-04-03,16.6299991607666,16.8700008392334,16.59000015258789,16.649999618530273,16.60725212097168,5752800
2012-04-04,16.510000228881836,16.649999618530273,16.229999542236328,16.260000228881836,16.21825408935547,3841400
2012-04-05,16.209999084472656,16.43000030517578,16.149999618530273,16.270000457763672,16.228227615356445,3734600
2012-04-09,16.079999923706055,16.149999618530273,15.899999618530273,15.899999618530273,15.859176635742188,4750800
2012-04-10,15.8100004196167,15.970000267028809,15.359999656677246,15.550000190734863,15.510075569152832,9477100
2012-04-11,15.65999984741211,15.979999542236328,15.59000015258789,15.890000343322754,15.849202156066895,4622800
2012-04-12,15.880000114440918,16.540000915527344,15.800000190734863,16.520000457763672,16.477584838867188,5971000
2012-04-13,16.389999389648438,16.530000686645508,16.1200008392334,16.18000030517578,16.138458251953125,3582000
2012-04-16,16.209999084472656,16.299999237060547,15.180000305175781,15.210000038146973,15.170948028564453,9772300
2012-04-17,15.380000114440918,15.630000114440918,15.260000228881836,15.279999732971191,15.240768432617188,6945600
2012-04-18,15.210000038146973,15.359999656677246,14.869999885559082,15.069999694824219,15.0313081741333,5783400
2012-04-19,15.020000457763672,15.3100004196167,14.699999809265137,14.760000228881836,14.7221040725708,5767200
2012-04-20,14.819999694824219,15.069999694824219,14.649999618530273,14.930000305175781,14.891667366027832,7463700
2012-04-23,14.699999809265137,15.0,14.479999542236328,14.869999885559082,14.83182144165039,5675800
2012-04-24,14.880000114440918,14.930000305175781,14.720000267028809,14.880000114440918,14.841795921325684,6192100
2012-04-25,14.970000267028809,15.079999923706055,14.800000190734863,15.010000228881836,14.97146224975586,4335700
2012-04-26,15.760000228881836,16.100000381469727,15.34000015258789,15.930000305175781,15.889100074768066,12922300
2012-04-27,15.920000076293945,16.030000686645508,15.25,15.319999694824219,15.280665397644043,7755200
2012-04-30,15.239999771118164,15.550000190734863,15.15999984741211,15.380000114440918,15.3405122756958,3630900
2012-05-01,15.350000381469727,15.649999618530273,15.239999771118164,15.539999961853027,15.500101089477539,4507700
2012-05-02,15.489999771118164,16.020000457763672,15.25,15.869999885559082,15.829253196716309,8072400
2012-05-03,15.829999923706055,16.059999465942383,15.600000381469727,15.670000076293945,15.629767417907715,8903100
2012-05-04,15.479999542236328,15.609999656677246,15.069999694824219,15.119999885559082,15.08117961883545,6822900
2012-05-07,15.369999885559082,15.380000114440918,14.739999771118164,15.130000114440918,15.091154098510742,10259700
2012-05-08,14.25,14.6899995803833,13.829999923706055,14.479999542236328,14.442822456359863,21563100
2012-05-09,14.319999694824219,14.329999923706055,14.010000228881836,14.119999885559082,14.083746910095215,12661000
2012-05-10,14.289999961853027,14.779999732971191,14.229999542236328,14.710000038146973,14.672232627868652,10800000
2012-05-11,14.619999885559082,15.0,14.550000190734863,14.569999694824219,14.532590866088867,7983900
2012-05-14,14.420000076293945,14.5600004196167,14.329999923706055,14.380000114440918,14.343080520629883,5167100
2012-05-15,14.510000228881836,14.699999809265137,14.239999771118164,14.3100004196167,14.273259162902832,5273300
2012-05-16,14.4399995803833,14.75,14.350000381469727,14.40999984741211,14.373003005981445,7186000
2012-05-17,14.390000343322754,14.59000015258789,14.220000267028809,14.239999771118164,14.203438758850098,6093300
2012-05-18,14.239999771118164,14.40999984741211,14.0,14.100000381469727,14.063798904418945,7627600
2012-05-21,14.100000381469727,14.430000305175781,13.949999809265137,14.380000114440918,14.343080520629883,6686200
2012-05-22,14.359999656677246,14.59000015258789,14.15999984741211,14.260000228881836,14.223387718200684,5576400
2012-05-23,14.109999656677246,14.739999771118164,14.0,14.6899995803833,14.652283668518066,5179800
2012-05-24,14.649999618530273,14.670000076293945,14.109999656677246,14.220000267028809,14.183490753173828,4255600
2012-05-25,14.199999809265137,14.359999656677246,14.079999923706055,14.220000267028809,14.183490753173828,2696700
2012-05-29,14.319999694824219,14.630000114440918,14.25,14.380000114440918,14.343080520629883,3477600
2012-05-30,14.220000267028809,14.270000457763672,13.970000267028809,14.149999618530273,14.113669395446777,3935500
2012-05-31,14.140000343322754,14.149999618530273,13.609999656677246,13.619999885559082,13.585030555725098,7312600
2012-06-01,13.390000343322754,13.479999542236328,13.050000190734863,13.119999885559082,13.086315155029297,7443400
2012-06-04,13.130000114440918,13.329999923706055,12.859999656677246,13.069999694824219,13.036441802978516,3585800
2012-06-05,12.989999771118164,13.359999656677246,12.960000038146973,13.140000343322754,13.106264114379883,4150400
2012-06-06,13.279999732971191,13.75,13.220000267028809,13.710000038146973,13.674798965454102,5057300
2012-06-07,13.829999923706055,13.890000343322754,13.3100004196167,13.420000076293945,13.385543823242188,5191700
2012-06-08,13.40999984741211,13.59000015258789,13.279999732971191,13.470000267028809,13.435416221618652,3074000
2012-06-11,13.539999961853027,13.59000015258789,12.789999961853027,12.819999694824219,12.787084579467773,6167000
2012-06-12,12.90999984741211,13.010000228881836,12.699999809265137,12.789999961853027,12.757161140441895,6286100
2012-06-13,12.75,12.819999694824219,12.199999809265137,12.289999961853027,12.258445739746094,8652900
2012-06-14,12.34000015258789,12.460000038146973,12.239999771118164,12.319999694824219,12.288368225097656,5411200
2012-06-15,12.3100004196167,12.489999771118164,12.220000267028809,12.4399995803833,12.408060073852539,9771100
2012-06-18,12.270000457763672,12.539999961853027,12.220000267028809,12.430000305175781,12.398085594177246,3297900
2012-06-19,12.489999771118164,12.710000038146973,12.399999618530273,12.670000076293945,12.637470245361328,4005200
2012-06-20,12.640000343322754,12.789999961853027,12.539999961853027,12.65999984741211,12.627495765686035,3288000
2012-06-21,12.65999984741211,12.680000305175781,11.979999542236328,12.0,11.96919059753418,4727500
2012-06-22,11.670000076293945,12.359999656677246,11.670000076293945,12.260000228881836,12.228523254394531,14252900
2012-06-25,12.010000228881836,12.1899995803833,11.789999961853027,12.119999885559082,12.088881492614746,5123900
2012-06-26,12.09000015258789,12.199999809265137,11.930000305175781,11.970000267028809,11.9392671585083,3427000
2012-06-27,12.0,12.180000305175781,11.880000114440918,12.109999656677246,12.078907012939453,3131400
2012-06-28,12.010000228881836,12.100000381469727,11.739999771118164,11.890000343322754,11.85947322845459,2644100
2012-06-29,12.15999984741211,12.369999885559082,11.930000305175781,12.350000381469727,12.318291664123535,6509300
2012-07-02,12.359999656677246,12.380000114440918,12.050000190734863,12.279999732971191,12.2484712600708,3262900
2012-07-03,12.260000228881836,12.600000381469727,12.260000228881836,12.59000015258789,12.5576753616333,1484500
2012-07-05,12.539999961853027,12.600000381469727,12.369999885559082,12.390000343322754,12.35818862915039,2069500
2012-07-06,12.270000457763672,12.34000015258789,11.84000015258789,12.020000457763672,11.989139556884766,2495400
2012-07-09,12.020000457763672,12.079999923706055,11.6899995803833,11.9399995803833,11.909343719482422,3667200
2012-07-10,12.029999732971191,12.140000343322754,11.5,11.59000015258789,11.560243606567383,2989400
2012-07-11,11.619999885559082,11.75,11.520000457763672,11.680000305175781,11.650012016296387,2752900
2012-07-12,11.720000267028809,11.899999618530273,11.359999656677246,11.59000015258789,11.560243606567383,4703100
2012-07-13,11.619999885559082,11.760000228881836,11.600000381469727,11.710000038146973,11.67993450164795,2580100
2012-07-16,11.670000076293945,11.6899995803833,11.489999771118164,11.529999732971191,11.500395774841309,3752400
2012-07-17,11.59000015258789,11.619999885559082,11.279999732971191,11.359999656677246,11.330833435058594,3137500
2012-07-18,11.34000015258789,11.609999656677246,11.3100004196167,11.5,11.470473289489746,6397700
2012-07-19,11.550000190734863,12.390000343322754,11.529999732971191,12.270000457763672,12.238497734069824,6431100
2012-07-20,12.220000267028809,12.229999542236328,11.930000305175781,11.979999542236328,11.949240684509277,4306500
2012-07-23,11.720000267028809,11.960000038146973,11.600000381469727,11.819999694824219,11.789651870727539,4127000
2012-07-24,11.779999732971191,11.960000038146973,11.460000038146973,11.539999961853027,11.510371208190918,3014000
2012-07-25,11.520000457763672,11.579999923706055,11.289999961853027,11.510000228881836,11.480447769165039,3414200
2012-07-26,11.600000381469727,11.760000228881836,10.859999656677246,10.949999809265137,10.921886444091797,10637800
2012-07-27,11.039999961853027,11.479999542236328,10.930000305175781,11.40999984741211,11.380704879760742,11198500
2012-07-30,11.289999961853027,11.399999618530273,11.109999656677246,11.229999542236328,11.201167106628418,5408700
2012-07-31,11.100000381469727,11.329999923706055,10.770000457763672,11.020000457763672,10.991706848144531,8568100
2012-08-01,11.5,11.880000114440918,10.8100004196167,11.680000305175781,11.650012016296387,15327900
2012-08-02,11.399999618530273,11.75,11.270000457763672,11.369999885559082,11.340807914733887,7875400
2012-08-03,11.539999961853027,12.0600004196167,11.510000228881836,11.970000267028809,11.9392671585083,7498600
2012-08-06,12.020000457763672,12.289999961853027,12.010000228881836,12.199999809265137,12.168676376342773,4564800
2012-08-07,12.239999771118164,12.869999885559082,12.239999771118164,12.789999961853027,12.757161140441895,9081700
2012-08-08,12.720000267028809,12.960000038146973,12.6899995803833,12.9399995803833,12.906776428222656,7959700
2012-08-09,12.90999984741211,13.15999984741211,12.859999656677246,13.119999885559082,13.086315155029297,7442900
2012-08-10,13.109999656677246,13.130000114440918,12.949999809265137,13.079999923706055,13.046416282653809,3851800
2012-08-13,13.109999656677246,13.119999885559082,12.739999771118164,12.869999885559082,12.836956977844238,4047600
2012-08-14,13.020000457763672,13.0600004196167,12.649999618530273,12.710000038146973,12.677367210388184,3288400
2012-08-15,12.710000038146973,13.149999618530273,12.630000114440918,13.09000015258789,13.056391716003418,4252400
2012-08-16,14.3100004196167,14.390000343322754,13.619999885559082,13.8100004196167,13.774543762207031,19948300
2012-08-17,13.949999809265137,14.0,13.6899995803833,13.770000457763672,13.734646797180176,5952500
2012-08-20,13.6899995803833,13.729999542236328,13.300000190734863,13.5600004196167,13.525185585021973,4627700
2012-08-21,13.619999885559082,13.649999618530273,13.369999885559082,13.5600004196167,13.525185585021973,5335200
2012-08-22,13.479999542236328,13.729999542236328,13.390000343322754,13.4399995803833,13.405492782592773,4132300
2012-08-23,13.369999885559082,13.390000343322754,13.079999923706055,13.25,13.215980529785156,4642000
2012-08-24,13.25,13.4399995803833,13.119999885559082,13.329999923706055,13.295775413513184,3884300
2012-08-27,13.329999923706055,13.350000381469727,12.899999618530273,12.930000305175781,12.89680290222168,4121900
2012-08-28,13.020000457763672,13.09000015258789,12.789999961853027,12.829999923706055,12.797059059143066,4088500
2012-08-29,12.899999618530273,13.010000228881836,12.640000343322754,12.850000381469727,12.817008018493652,2781200
2012-08-30,12.800000190734863,13.119999885559082,12.699999809265137,13.0,12.966622352600098,4421600
2012-08-31,12.720000267028809,13.529999732971191,12.569999694824219,13.329999923706055,13.295775413513184,8415800
2012-09-04,13.220000267028809,13.289999961853027,12.720000267028809,13.029999732971191,12.99654483795166,5392400
2012-09-05,12.90999984741211,13.199999809265137,12.869999885559082,13.140000343322754,13.106264114379883,3669800
2012-09-06,13.329999923706055,13.9399995803833,13.229999542236328,13.630000114440918,13.59500503540039,8820900
2012-09-07,13.649999618530273,14.050000190734863,13.539999961853027,14.039999961853027,14.003952026367188,6337700
2012-09-10,13.960000038146973,14.020000457763672,13.699999809265137,13.84000015258789,13.804466247558594,5765900
2012-09-11,13.75,13.90999984741211,13.75,13.8100004196167,13.774543762207031,6299100
2012-09-12,13.90999984741211,14.180000305175781,13.739999771118164,13.989999771118164,13.954080581665039,9692400
2012-09-13,13.989999771118164,14.329999923706055,13.869999885559082,14.239999771118164,14.203438758850098,5249000
2012-09-14,14.210000038146973,14.640000343322754,14.210000038146973,14.5,14.46277141571045,8743000
2012-09-17,14.5,14.510000228881836,14.069999694824219,14.210000038146973,14.173516273498535,3596200
2012-09-18,14.260000228881836,14.260000228881836,13.880000114440918,14.0,13.964055061340332,3780200
2012-09-19,14.100000381469727,14.100000381469727,13.859999656677246,13.930000305175781,13.894234657287598,3838300
2012-09-20,13.890000343322754,13.960000038146973,13.350000381469727,13.479999542236328,13.445389747619629,7350300
2012-09-21,13.59000015258789,13.680000305175781,13.100000381469727,13.239999771118164,13.206006050109863,6691300
2012-09-24,13.109999656677246,13.359999656677246,13.010000228881836,13.3100004196167,13.275827407836914,7611200
2012-09-25,13.34000015258789,13.399999618530273,12.670000076293945,12.680000305175781,12.647444725036621,6871900
2012-09-26,12.420000076293945,12.850000381469727,12.130000114440918,12.600000381469727,12.567649841308594,7146100
2012-09-27,12.670000076293945,12.930000305175781,12.670000076293945,12.779999732971191,12.747186660766602,6531900
2012-09-28,12.6899995803833,12.720000267028809,12.449999809265137,12.6899995803833,12.657418251037598,4994400
2012-10-01,12.729999542236328,12.859999656677246,12.329999923706055,12.350000381469727,12.318291664123535,4965100
2012-10-02,12.40999984741211,12.6899995803833,12.350000381469727,12.649999618530273,12.617521286010742,4877600
2012-10-03,12.699999809265137,12.890000343322754,12.609999656677246,12.850000381469727,12.817008018493652,5394000
2012-10-04,12.8100004196167,13.050000190734863,12.65999984741211,13.029999732971191,12.99654483795166,5454600
2012-10-05,13.050000190734863,13.170000076293945,12.859999656677246,12.949999809265137,12.91675090789795,4357300
2012-10-08,12.859999656677246,13.069999694824219,12.850000381469727,12.979999542236328,12.946673393249512,3074300
2012-10-09,13.010000228881836,13.119999885559082,12.920000076293945,13.010000228881836,12.97659683227539,4680800
2012-10-10,12.979999542236328,13.050000190734863,12.819999694824219,12.890000343322754,12.856905937194824,5503300
2012-10-11,12.920000076293945,13.109999656677246,12.850000381469727,13.050000190734863,13.016493797302246,4548500
2012-10-12,13.140000343322754,13.430000305175781,13.029999732971191,13.40999984741211,13.375569343566895,5363600
2012-10-15,13.510000228881836,13.720000267028809,13.270000457763672,13.6899995803833,13.654850006103516,4213500
2012-10-16,13.729999542236328,13.979999542236328,13.670000076293945,13.979999542236328,13.944106101989746,4279300
2012-10-17,13.609999656677246,13.979999542236328,13.609999656677246,13.869999885559082,13.834388732910156,4174900
2012-10-18,13.829999923706055,13.930000305175781,13.670000076293945,13.829999923706055,13.7944917678833,3522900
2012-10-19,13.75,13.789999961853027,13.0,13.079999923706055,13.046416282653809,6062300
2012-10-22,13.140000343322754,13.300000190734863,12.890000343322754,13.050000190734863,13.016493797302246,5551600
2012-10-23,12.880000114440918,13.100000381469727,12.680000305175781,12.770000457763672,12.737213134765625,4982200
2012-10-24,12.84000015258789,12.9399995803833,12.350000381469727,12.420000076293945,12.388111114501953,7540300
2012-10-25,12.520000457763672,12.640000343322754,12.079999923706055,12.210000038146973,12.178650856018066,6965500
2012-10-26,11.970000267028809,12.119999885559082,11.800000190734863,11.90999984741211,11.87942123413086,5942900
2012-10-31,11.90999984741211,12.399999618530273,11.899999618530273,12.350000381469727,12.318291664123535,7836500
2012-11-01,12.350000381469727,13.029999732971191,12.279999732971191,13.0,12.966622352600098,6895800
2012-11-02,13.039999961853027,13.100000381469727,12.880000114440918,12.989999771118164,12.956647872924805,6572000
2012-11-05,12.960000038146973,13.199999809265137,12.949999809265137,13.199999809265137,13.166109085083008,5539200
2012-11-06,13.279999732971191,13.880000114440918,13.199999809265137,13.760000228881836,13.724672317504883,7097100
2012-11-07,13.569999694824219,13.649999618530273,13.369999885559082,13.4399995803833,13.405492782592773,7273000
2012-11-08,13.3100004196167,13.5,12.90999984741211,12.90999984741211,12.876853942871094,4731600
2012-11-09,12.930000305175781,13.140000343322754,12.880000114440918,12.890000343322754,12.856905937194824,4648900
2012-11-12,12.979999542236328,13.109999656677246,12.850000381469727,13.020000457763672,12.986571311950684,2176700
2012-11-13,12.90999984741211,13.050000190734863,12.890000343322754,12.979999542236328,12.946673393249512,3266400
2012-11-14,13.010000228881836,13.109999656677246,12.729999542236328,12.75,12.717264175415039,3457900
2012-11-15,12.779999732971191,13.109999656677246,12.720000267028809,13.050000190734863,13.016493797302246,5083800
2012-11-16,13.149999618530273,13.210000038146973,12.920000076293945,13.050000190734863,13.016493797302246,5742100
2012-11-19,13.220000267028809,13.789999961853027,13.109999656677246,13.710000038146973,13.674798965454102,5432400
2012-11-20,13.630000114440918,13.880000114440918,13.59000015258789,13.859999656677246,13.824414253234863,4626900
2012-11-21,13.770000457763672,14.119999885559082,13.720000267028809,13.970000267028809,13.93413257598877,5011100
2012-11-23,14.010000228881836,14.449999809265137,13.960000038146973,14.369999885559082,14.333104133605957,2694600
2012-11-26,14.270000457763672,14.670000076293945,14.260000228881836,14.600000381469727,14.562515258789062,5658200
2012-11-27,14.5600004196167,14.869999885559082,14.369999885559082,14.739999771118164,14.702155113220215,5595000
2012-11-28,14.779999732971191,15.050000190734863,14.510000228881836,15.029999732971191,14.991411209106445,5355300
2012-11-29,15.229999542236328,15.319999694824219,14.970000267028809,15.029999732971191,14.991411209106445,6655700
2012-11-30,15.0600004196167,15.100000381469727,14.770000457763672,14.8100004196167,14.77197551727295,4638100
2012-12-03,14.869999885559082,14.9399995803833,14.489999771118164,14.529999732971191,14.492693901062012,4945000
2012-12-04,14.529999732971191,14.569999694824219,14.239999771118164,14.4399995803833,14.402925491333008,3894600
2012-12-05,14.579999923706055,14.829999923706055,14.5,14.630000114440918,14.592437744140625,4915300
2012-12-06,14.65999984741211,14.829999923706055,14.579999923706055,14.819999694824219,14.781949996948242,3913000
2012-12-07,14.829999923706055,14.949999809265137,14.649999618530273,14.84000015258789,14.801898956298828,3678100
2012-12-10,14.720000267028809,15.050000190734863,14.720000267028809,14.819999694824219,14.781949996948242,3514100
2012-12-11,14.899999618530273,15.210000038146973,14.880000114440918,15.149999618530273,15.111102104187012,8978400
2012-12-12,15.170000076293945,15.40999984741211,15.170000076293945,15.329999923706055,15.290640830993652,5259900
2012-12-13,15.359999656677246,15.470000267028809,15.180000305175781,15.25,15.210845947265625,2907300
2012-12-14,15.180000305175781,15.40999984741211,15.09000015258789,15.300000190734863,15.260717391967773,3272100
2012-12-17,15.300000190734863,15.470000267028809,15.210000038146973,15.420000076293945,15.380409240722656,4600500
2012-12-18,15.369999885559082,15.5,14.770000457763672,14.90999984741211,14.871718406677246,6966900
2012-12-19,15.0,15.079999923706055,14.359999656677246,14.399999618530273,14.363028526306152,5953200
2012-12-20,14.460000038146973,14.460000038146973,13.760000228881836,13.9399995803833,13.904208183288574,8262700
2012-12-21,13.739999771118164,13.970000267028809,13.40999984741211,13.890000343322754,13.854337692260742,18432600
2012-12-24,13.880000114440918,14.199999809265137,13.869999885559082,14.109999656677246,14.073772430419922,2928000
2012-12-26,14.130000114440918,14.260000228881836,14.0600004196167,14.15999984741211,14.12364387512207,3512000
2012-12-27,14.09000015258789,14.25,13.779999732971191,14.020000457763672,13.984004020690918,4006300
2012-12-28,13.880000114440918,14.039999961853027,13.789999961853027,13.920000076293945,13.884260177612305,2164300
2012-12-31,13.890000343322754,14.550000190734863,13.829999923706055,14.520000457763672,14.482720375061035,7190800
2013-01-02,14.770000457763672,14.930000305175781,14.380000114440918,14.550000190734863,14.512642860412598,6881000
2013-01-03,14.529999732971191,14.8100004196167,14.510000228881836,14.739999771118164,14.702155113220215,3664600
2013-01-04,14.760000228881836,14.949999809265137,14.699999809265137,14.880000114440918,14.841795921325684,3348500
2013-01-07,14.260000228881836,14.600000381469727,14.260000228881836,14.449999809265137,14.4128999710083,3863300
2013-01-08,14.239999771118164,14.300000190734863,13.770000457763672,13.770000457763672,13.734646797180176,5110000
2013-01-09,13.779999732971191,13.850000381469727,13.569999694824219,13.699999809265137,13.664824485778809,3892500
2013-01-10,13.800000190734863,14.010000228881836,13.75,14.0,13.964055061340332,3207900
2013-01-11,13.699999809265137,14.329999923706055,13.289999961853027,14.239999771118164,14.203438758850098,6496800
2013-01-14,14.229999542236328,14.5,14.149999618530273,14.430000305175781,14.392951965332031,4188700
2013-01-15,14.300000190734863,14.619999885559082,14.170000076293945,14.609999656677246,14.572488784790039,2535400
2013-01-16,14.59000015258789,14.770000457763672,14.40999984741211,14.600000381469727,14.562515258789062,2529900
2013-01-17,14.65999984741211,14.800000190734863,14.470000267028809,14.510000228881836,14.472745895385742,3157400
2013-01-18,14.539999961853027,14.720000267028809,14.399999618530273,14.460000038146973,14.422874450683594,3183700
2013-01-22,14.460000038146973,14.489999771118164,14.3100004196167,14.430000305175781,14.392951965332031,3284800
2013-01-23,14.520000457763672,14.609999656677246,13.989999771118164,14.050000190734863,14.01392650604248,4998500
2013-01-24,14.050000190734863,14.359999656677246,14.020000457763672,14.260000228881836,14.223387718200684,4638500
2013-01-25,14.3100004196167,14.920000076293945,14.3100004196167,14.770000457763672,14.732078552246094,3966000
2013-01-28,14.979999542236328,15.100000381469727,14.649999618530273,15.039999961853027,15.001385688781738,8397100
2013-01-29,15.180000305175781,15.180000305175781,14.819999694824219,14.949999809265137,14.911615371704102,5391600
2013-01-30,14.9399995803833,15.479999542236328,14.9399995803833,15.079999923706055,15.041282653808594,8508700
2013-01-31,14.630000114440918,16.18000030517578,14.619999885559082,15.729999542236328,15.689613342285156,12537800
2013-02-01,15.619999885559082,16.25,15.4399995803833,16.190000534057617,16.1484317779541,9353700
2013-02-04,16.010000228881836,16.190000534057617,15.9399995803833,16.0,15.9589204788208,3720200
2013-02-05,16.25,17.25,16.15999984741211,16.889999389648438,16.846633911132812,11244000
2013-02-06,17.18000030517578,17.18000030517578,16.799999237060547,16.8799991607666,16.836660385131836,5423900
2013-02-07,16.90999984741211,17.030000686645508,16.719999313354492,16.8700008392334,16.82668685913086,3101000
2013-02-08,17.049999237060547,17.510000228881836,16.860000610351562,17.3700008392334,17.325403213500977,4846300
2013-02-11,17.299999237060547,17.600000381469727,17.1299991607666,17.40999984741211,17.365299224853516,4414900
2013-02-12,17.3799991607666,17.59000015258789,17.280000686645508,17.540000915527344,17.49496841430664,4443500
2013-02-13,17.389999389648438,17.549999237060547,17.059999465942383,17.170000076293945,17.125917434692383,5300200
2013-02-14,17.1299991607666,17.360000610351562,16.979999542236328,17.149999618530273,17.105968475341797,5668200
2013-02-15,17.149999618530273,17.18000030517578,16.829999923706055,16.969999313354492,16.926427841186523,5481100
2013-02-19,17.049999237060547,17.75,17.0,17.59000015258789,17.544837951660156,4936300
2013-02-20,17.510000228881836,17.75,17.450000762939453,17.479999542236328,17.43511962890625,5319900
2013-02-21,17.649999618530273,17.920000076293945,17.15999984741211,17.639999389648438,17.594709396362305,10889900
2013-02-22,17.670000076293945,17.8700008392334,17.670000076293945,17.809999465942383,17.764272689819336,3526200
2013-02-25,17.84000015258789,18.030000686645508,17.690000534057617,17.700000762939453,17.654556274414062,5689900
2013-02-26,17.760000228881836,17.81999969482422,17.450000762939453,17.690000534057617,17.644580841064453,4560000
2013-02-27,17.649999618530273,18.200000762939453,17.40999984741211,18.1200008392334,18.07347869873047,5373400
2013-02-28,17.59000015258789,18.0,17.520000457763672,17.530000686645508,17.48499298095703,7160500
2013-03-01,17.530000686645508,18.079999923706055,17.420000076293945,18.040000915527344,17.993684768676758,5916800
2013-03-04,17.969999313354492,18.299999237060547,17.93000030517578,18.200000762939453,18.15327262878418,4846700
2013-03-05,18.34000015258789,18.899999618530273,18.299999237060547,18.510000228881836,18.46247673034668,4899100
2013-03-06,18.6299991607666,18.8700008392334,18.450000762939453,18.6200008392334,18.572193145751953,3182600
2013-03-07,18.559999465942383,18.940000534057617,18.440000534057617,18.709999084472656,18.66196060180664,4026400
2013-03-08,18.75,18.81999969482422,18.479999542236328,18.579999923706055,18.53229522705078,3831300
2013-03-11,18.579999923706055,19.510000228881836,18.579999923706055,19.1299991607666,19.080883026123047,7736200
2013-03-12,19.059999465942383,19.25,18.989999771118164,19.25,19.200576782226562,3948000
2013-03-13,19.040000915527344,19.149999618530273,18.790000915527344,18.940000534057617,18.891372680664062,5548100
2013-03-14,19.06999969482422,19.360000610351562,18.950000762939453,19.34000015258789,19.290346145629883,3483500
2013-03-15,19.329999923706055,19.34000015258789,18.8700008392334,18.8799991607666,18.831525802612305,5657900
2013-03-18,18.700000762939453,18.770000457763672,18.420000076293945,18.709999084472656,18.66196060180664,5077800
2013-03-19,18.709999084472656,18.850000381469727,16.93000030517578,17.149999618530273,17.105968475341797,20063900
2013-03-20,17.18000030517578,17.40999984741211,17.079999923706055,17.34000015258789,17.29547882080078,5450700
2013-03-21,17.579999923706055,17.989999771118164,17.540000915527344,17.700000762939453,17.654556274414062,5885400
2013-03-22,17.68000030517578,18.030000686645508,17.68000030517578,17.969999313354492,17.92386245727539,4712400
2013-03-25,18.1200008392334,18.139999389648438,17.510000228881836,17.559999465942383,17.514915466308594,4829200
2013-03-26,18.110000610351562,18.149999618530273,17.690000534057617,17.770000457763672,17.724376678466797,4608200
2013-03-27,17.760000228881836,17.829999923706055,17.469999313354492,17.790000915527344,17.744325637817383,2673600
2013-03-28,17.6299991607666,17.729999542236328,17.389999389648438,17.700000762939453,17.654556274414062,6487400
2013-04-01,17.610000610351562,18.020000457763672,17.610000610351562,17.920000076293945,17.87398910522461,4288600
2013-04-02,17.75,17.940000534057617,17.43000030517578,17.549999237060547,17.504940032958984,3959800
2013-04-03,17.549999237060547,17.59000015258789,17.190000534057617,17.239999771118164,17.195735931396484,4527900
2013-04-04,17.34000015258789,17.389999389648438,17.110000610351562,17.25,17.205711364746094,4305700
2013-04-05,17.139999389648438,17.3700008392334,17.0,17.350000381469727,17.30545425415039,2580200
2013-04-08,17.329999923706055,17.3799991607666,16.979999542236328,17.270000457763672,17.22566032409668,2726300
2013-04-09,17.360000610351562,17.510000228881836,17.239999771118164,17.450000762939453,17.405197143554688,1778500
2013-04-10,17.40999984741211,17.84000015258789,17.280000686645508,17.799999237060547,17.754297256469727,3976300
2013-04-11,17.959999084472656,17.959999084472656,17.600000381469727,17.6299991607666,17.584733963012695,3190300
2013-04-12,17.530000686645508,17.610000610351562,17.34000015258789,17.579999923706055,17.53486442565918,2168800
2013-04-15,17.5,17.600000381469727,16.899999618530273,16.90999984741211,16.8665828704834,4218000
2013-04-16,17.100000381469727,17.469999313354492,16.8700008392334,17.3700008392334,17.325403213500977,4366000
2013-04-17,17.149999618530273,17.309999465942383,16.84000015258789,17.010000228881836,16.966325759887695,4159700
2013-04-18,17.020000457763672,17.100000381469727,16.75,16.940000534057617,16.896507263183594,2282400
2013-04-19,16.8799991607666,17.149999618530273,16.649999618530273,17.09000015258789,17.046123504638672,2654300
2013-04-22,17.100000381469727,17.3700008392334,16.760000228881836,17.280000686645508,17.235633850097656,3144600
2013-04-23,17.290000915527344,17.59000015258789,17.139999389648438,17.420000076293945,17.375274658203125,2200300
2013-04-24,17.43000030517578,17.860000610351562,17.420000076293945,17.799999237060547,17.754297256469727,2525900
2013-04-25,17.860000610351562,18.059999465942383,17.790000915527344,17.940000534057617,17.893938064575195,3347300
2013-04-26,17.959999084472656,18.1200008392334,17.860000610351562,17.8799991607666,17.834091186523438,3222300
2013-04-29,17.889999389648438,18.0,17.709999084472656,17.770000457763672,17.724376678466797,2157400
2013-04-30,17.770000457763672,17.790000915527344,17.360000610351562,17.610000610351562,17.564786911010742,2409300
2013-05-01,17.59000015258789,17.649999618530273,17.15999984741211,17.299999237060547,17.25558090209961,2412100
2013-05-02,17.389999389648438,17.540000915527344,17.149999618530273,17.540000915527344,17.49496841430664,2373200
2013-05-03,17.690000534057617,18.1299991607666,17.68000030517578,17.959999084472656,17.91388702392578,6220600
2013-05-06,17.670000076293945,18.309999465942383,17.6200008392334,18.290000915527344,18.243040084838867,4307500
2013-05-07,18.850000381469727,18.850000381469727,18.049999237060547,18.40999984741211,18.362733840942383,8074800
2013-05-08,19.799999237060547,21.68000030517578,19.799999237060547,21.559999465942383,21.5046443939209,22314500
2013-05-09,21.040000915527344,21.889999389648438,20.950000762939453,21.639999389648438,21.58443832397461,11145700
2013-05-10,21.5,22.56999969482422,21.450000762939453,22.479999542236328,22.422283172607422,9168300
2013-05-13,22.270000457763672,22.479999542236328,21.450000762939453,21.739999771118164,21.684181213378906,7215100
2013-05-14,21.799999237060547,22.43000030517578,21.780000686645508,22.40999984741211,22.352462768554688,4407600
2013-05-15,22.040000915527344,22.84000015258789,22.020000457763672,22.639999389648438,22.581871032714844,4810200
2013-05-16,22.600000381469727,22.700000762939453,22.0,22.020000457763672,21.963464736938477,4394200
2013-05-17,21.75,22.350000381469727,21.5,22.209999084472656,22.15297508239746,5621100
2013-05-20,22.0,22.329999923706055,21.770000457763672,21.790000915527344,21.734054565429688,4693500
2013-05-21,21.6299991607666,22.59000015258789,21.579999923706055,21.969999313354492,21.913591384887695,6469900
2013-05-22,22.1299991607666,22.770000457763672,21.68000030517578,21.75,21.694156646728516,6620500
2013-05-23,21.59000015258789,22.700000762939453,21.5,22.649999618530273,22.59184455871582,5805900
2013-05-24,22.270000457763672,22.979999542236328,22.260000228881836,22.770000457763672,22.71154022216797,6061000
2013-05-28,22.989999771118164,23.530000686645508,22.770000457763672,23.260000228881836,23.200281143188477,6106400
2013-05-29,23.239999771118164,23.479999542236328,22.959999084472656,23.15999984741211,23.10053825378418,4520900
2013-05-30,23.040000915527344,23.540000915527344,23.030000686645508,23.350000381469727,23.290048599243164,3288300
2013-05-31,23.190000534057617,23.600000381469727,22.989999771118164,22.989999771118164,22.930973052978516,4526000
2013-06-03,23.010000228881836,23.110000610351562,22.510000228881836,22.989999771118164,22.930973052978516,3861700
2013-06-04,22.850000381469727,23.1299991607666,22.540000915527344,22.719999313354492,22.661666870117188,4815400
2013-06-05,22.760000228881836,23.0,22.56999969482422,22.8799991607666,22.82125473022461,3446800
2013-06-06,22.829999923706055,23.280000686645508,22.709999084472656,23.280000686645508,23.220230102539062,3556000
2013-06-07,23.5,23.65999984741211,23.229999542236328,23.610000610351562,23.54938316345215,3476200
2013-06-10,23.600000381469727,23.65999984741211,22.799999237060547,22.8700008392334,22.811283111572266,3780500
2013-06-11,22.739999771118164,23.309999465942383,22.540000915527344,22.600000381469727,22.541975021362305,3851900
2013-06-12,22.790000915527344,22.90999984741211,21.43000030517578,21.540000915527344,21.484697341918945,6643000
2013-06-13,21.530000686645508,21.649999618530273,20.950000762939453,21.489999771118164,21.434825897216797,7727700
2013-06-14,21.489999771118164,22.030000686645508,21.450000762939453,21.809999465942383,21.75400161743164,3587900
2013-06-17,21.84000015258789,22.75,21.84000015258789,22.43000030517578,22.372411727905273,4715600
2013-06-18,22.420000076293945,23.09000015258789,22.420000076293945,23.030000686645508,22.970870971679688,4485600
2013-06-19,22.959999084472656,23.209999084472656,22.829999923706055,22.84000015258789,22.78135871887207,3879100
2013-06-20,22.610000610351562,22.770000457763672,22.139999389648438,22.149999618530273,22.093130111694336,3922900
2013-06-21,22.149999618530273,22.65999984741211,21.75,21.979999542236328,21.923566818237305,5704300
2013-06-24,21.889999389648438,21.940000534057617,21.329999923706055,21.610000610351562,21.55451774597168,3102600
2013-06-25,21.850000381469727,22.020000457763672,21.559999465942383,21.780000686645508,21.724079132080078,2307100
2013-06-26,22.079999923706055,22.110000610351562,21.649999618530273,21.790000915527344,21.734054565429688,2625900
2013-06-27,21.959999084472656,22.59000015258789,21.940000534057617,22.209999084472656,22.15297508239746,2949100
2013-06-28,21.93000030517578,23.1200008392334,21.93000030517578,22.989999771118164,22.930973052978516,7366900
2013-07-01,22.889999389648438,23.389999389648438,22.8700008392334,23.18000030517578,23.120487213134766,3606600
2013-07-02,23.200000762939453,23.540000915527344,22.989999771118164,23.520000457763672,23.459611892700195,3334700
2013-07-03,23.280000686645508,23.559999465942383,23.190000534057617,23.309999465942383,23.250150680541992,2064700
2013-07-05,23.5,23.8799991607666,23.31999969482422,23.829999923706055,23.768815994262695,1894300
2013-07-08,23.889999389648438,23.989999771118164,23.170000076293945,23.540000915527344,23.47956085205078,3816800
2013-07-09,23.729999542236328,23.860000610351562,23.399999618530273,23.56999969482422,23.509485244750977,2352600
2013-07-10,23.510000228881836,23.90999984741211,23.34000015258789,23.899999618530273,23.83863639831543,3341700
2013-07-11,24.100000381469727,24.299999237060547,23.649999618530273,24.270000457763672,24.207687377929688,3735700
2013-07-12,24.25,24.489999771118164,23.979999542236328,24.31999969482422,24.257556915283203,2703000
2013-07-15,24.25,24.360000610351562,23.979999542236328,24.190000534057617,24.127893447875977,4182500
2013-07-16,24.100000381469727,24.389999389648438,24.059999465942383,24.190000534057617,24.127893447875977,2719800
2013-07-17,24.299999237060547,24.299999237060547,23.389999389648438,23.809999465942383,23.74886703491211,4703400
2013-07-18,23.899999618530273,24.450000762939453,23.850000381469727,24.15999984741211,24.09796905517578,2216000
2013-07-19,24.170000076293945,24.350000381469727,23.75,24.270000457763672,24.207687377929688,1881700
2013-07-22,24.459999084472656,24.459999084472656,23.899999618530273,24.010000228881836,23.94835662841797,3073100
2013-07-23,24.43000030517578,24.43000030517578,23.799999237060547,23.829999923706055,23.768815994262695,3739600
2013-07-24,25.219999313354492,26.979999542236328,25.209999084472656,25.40999984741211,25.34476089477539,15658200
2013-07-25,25.260000228881836,25.450000762939453,24.510000228881836,24.639999389648438,24.576736450195312,5764000
2013-07-26,24.3799991607666,25.950000762939453,24.350000381469727,25.81999969482422,25.753707885742188,6655900
2013-07-29,25.40999984741211,25.860000610351562,25.350000381469727,25.479999542236328,25.414579391479492,3011200
2013-07-30,25.770000457763672,26.530000686645508,25.540000915527344,26.06999969482422,26.00306510925293,7516200
2013-07-31,26.0,26.420000076293945,25.93000030517578,26.1200008392334,26.052936553955078,4136700
2013-08-01,26.329999923706055,26.670000076293945,26.06999969482422,26.530000686645508,26.461883544921875,4934900
2013-08-02,26.649999618530273,26.649999618530273,26.139999389648438,26.56999969482422,26.501781463623047,3633900
2013-08-05,26.40999984741211,26.889999389648438,26.15999984741211,26.530000686645508,26.461883544921875,2610100
2013-08-06,26.5,26.760000228881836,26.219999313354492,26.440000534057617,26.372116088867188,2271200
2013-08-07,26.239999771118164,26.520000457763672,26.040000915527344,26.34000015258789,26.27237319946289,2015800
2013-08-08,26.399999618530273,26.860000610351562,26.399999618530273,26.639999389648438,26.57160186767578,2817000
2013-08-09,26.489999771118164,26.850000381469727,26.489999771118164,26.649999618530273,26.58157730102539,1502100
2013-08-12,26.399999618530273,26.850000381469727,26.3799991607666,26.68000030517578,26.611499786376953,1554400
2013-08-13,26.700000762939453,26.770000457763672,26.420000076293945,26.549999237060547,26.48183250427246,1733100
2013-08-14,26.1299991607666,26.799999237060547,26.1200008392334,26.65999984741211,26.591550827026367,3318300
2013-08-15,26.75,26.75,26.440000534057617,26.479999542236328,26.412012100219727,3814700
2013-08-16,26.360000610351562,26.959999084472656,26.329999923706055,26.889999389648438,26.820959091186523,4219400
2013-08-19,26.739999771118164,27.06999969482422,26.520000457763672,26.56999969482422,26.501781463623047,3308700
2013-08-20,26.520000457763672,27.920000076293945,26.5,26.75,26.681320190429688,6260600
2013-08-21,26.579999923706055,26.8799991607666,26.31999969482422,26.65999984741211,26.591550827026367,3303700
2013-08-22,27.0,27.940000534057617,26.950000762939453,27.780000686645508,27.708675384521484,2959100
2013-08-23,27.969999313354492,28.1299991607666,27.829999923706055,27.969999313354492,27.8981876373291,3759300
2013-08-26,28.06999969482422,28.110000610351562,27.6200008392334,27.860000610351562,27.788469314575195,2931100
2013-08-27,27.489999771118164,27.770000457763672,26.959999084472656,26.989999771118164,26.92070198059082,4285700
2013-08-28,26.860000610351562,27.25,26.65999984741211,27.1299991607666,27.06034278869629,2145900
2013-08-29,27.1299991607666,27.700000762939453,27.040000915527344,27.56999969482422,27.49921417236328,2784900
2013-08-30,26.979999542236328,27.200000762939453,26.559999465942383,26.639999389648438,26.57160186767578,2997300
2013-09-03,27.030000686645508,27.639999389648438,27.030000686645508,27.360000610351562,27.289752960205078,3014100
2013-09-04,27.489999771118164,28.0,27.100000381469727,27.989999771118164,27.918136596679688,3311600
2013-09-05,27.770000457763672,28.0,27.639999389648438,27.68000030517578,27.608932495117188,1690500
2013-09-06,27.3700008392334,27.40999984741211,26.459999084472656,26.760000228881836,26.691293716430664,5234900
2013-09-09,26.93000030517578,27.3700008392334,26.639999389648438,27.110000610351562,27.040395736694336,3585400
2013-09-10,27.360000610351562,27.440000534057617,26.829999923706055,26.950000762939453,26.88080596923828,3072500
2013-09-11,26.90999984741211,27.049999237060547,26.260000228881836,26.709999084472656,26.641422271728516,4093100
2013-09-12,26.709999084472656,26.760000228881836,26.229999542236328,26.389999389648438,26.322242736816406,3597500
2013-09-13,26.540000915527344,27.18000030517578,26.520000457763672,26.670000076293945,26.601526260375977,3537300
2013-09-16,27.040000915527344,27.31999969482422,26.850000381469727,26.959999084472656,26.890779495239258,3631300
2013-09-17,26.8700008392334,27.75,26.639999389648438,27.600000381469727,27.529138565063477,4402700
2013-09-18,27.5,27.579999923706055,26.56999969482422,26.860000610351562,26.791038513183594,5299600
2013-09-19,27.059999465942383,27.239999771118164,26.729999542236328,26.979999542236328,26.910728454589844,2569600
2013-09-20,27.020000457763672,27.06999969482422,26.43000030517578,26.540000915527344,26.471858978271484,4571000
2013-09-23,26.43000030517578,26.700000762939453,26.18000030517578,26.190000534057617,26.122758865356445,3160000
2013-09-24,26.270000457763672,26.68000030517578,26.209999084472656,26.549999237060547,26.48183250427246,3328400
2013-09-25,26.540000915527344,26.889999389648438,26.270000457763672,26.600000381469727,26.531705856323242,1695600
2013-09-26,26.700000762939453,26.8799991607666,26.1299991607666,26.149999618530273,26.08285903930664,2884500
2013-09-27,26.06999969482422,26.239999771118164,25.549999237060547,25.950000762939453,25.88337516784668,4746800
2013-09-30,25.59000015258789,25.760000228881836,25.15999984741211,25.549999237060547,25.484399795532227,5138800
2013-10-01,25.690000534057617,26.540000915527344,25.549999237060547,26.420000076293945,26.3521671295166,5933900
2013-10-02,25.81999969482422,25.989999771118164,25.059999465942383,25.6200008392334,25.554222106933594,6100300
2013-10-03,25.649999618530273,25.760000228881836,25.049999237060547,25.079999923706055,25.015607833862305,3791300
2013-10-04,25.1200008392334,25.899999618530273,25.059999465942383,25.760000228881836,25.693862915039062,2814500
2013-10-07,25.239999771118164,25.600000381469727,25.1200008392334,25.25,25.185169219970703,3633100
2013-10-08,25.260000228881836,25.389999389648438,24.059999465942383,24.06999969482422,24.008201599121094,5554700
2013-10-09,24.18000030517578,24.280000686645508,23.68000030517578,24.149999618530273,24.087995529174805,4026900
2013-10-10,24.530000686645508,25.239999771118164,24.469999313354492,25.219999313354492,25.15524673461914,3843000
2013-10-11,25.209999084472656,25.290000915527344,24.6200008392334,24.719999313354492,24.656530380249023,4891400
2013-10-14,24.579999923706055,24.670000076293945,24.280000686645508,24.59000015258789,24.526865005493164,5349800
2013-10-15,24.350000381469727,24.649999618530273,23.940000534057617,23.969999313354492,23.90845489501953,6468800
2013-10-16,24.09000015258789,24.770000457763672,24.030000686645508,24.209999084472656,24.14784049987793,5751000
2013-10-17,23.950000762939453,24.56999969482422,23.940000534057617,24.530000686645508,24.46702003479004,4001300
2013-10-18,24.709999084472656,25.06999969482422,24.520000457763672,25.030000686645508,24.965736389160156,4125700
2013-10-21,25.100000381469727,25.239999771118164,24.469999313354492,24.5,24.437097549438477,4032800
2013-10-22,24.489999771118164,25.649999618530273,24.0,25.229999542236328,25.165220260620117,7725100
2013-10-23,25.219999313354492,25.25,24.40999984741211,24.610000610351562,24.54681396484375,3167700
2013-10-24,24.700000762939453,24.90999984741211,24.5,24.739999771118164,24.67647933959961,2648200
2013-10-25,24.8700008392334,25.149999618530273,24.56999969482422,24.75,24.68645477294922,2343900
2013-10-28,24.65999984741211,24.950000762939453,24.540000915527344,24.829999923706055,24.76624870300293,4083900
2013-10-29,24.969999313354492,25.079999923706055,23.950000762939453,24.1299991607666,24.06804656982422,6510900
2013-10-30,26.1299991607666,27.239999771118164,25.690000534057617,26.0,25.933244705200195,12936900
2013-10-31,25.850000381469727,26.979999542236328,25.700000762939453,26.25,26.18260383605957,9963800
2013-11-01,26.239999771118164,26.389999389648438,25.1299991607666,25.6299991607666,25.564193725585938,10724900
2013-11-04,25.670000076293945,25.850000381469727,25.360000610351562,25.729999542236328,25.663938522338867,4329400
2013-11-05,25.6299991607666,25.690000534057617,25.280000686645508,25.559999465942383,25.494373321533203,4449100
2013-11-06,25.709999084472656,25.8799991607666,25.56999969482422,25.739999771118164,25.673913955688477,3679900
2013-11-07,25.739999771118164,25.850000381469727,25.299999237060547,25.329999923706055,25.26496696472168,4929000
2013-11-08,25.360000610351562,25.950000762939453,25.149999618530273,25.700000762939453,25.634016036987305,3349500
2013-11-11,25.670000076293945,25.989999771118164,25.3700008392334,25.989999771118164,25.92327117919922,2643800
2013-11-12,25.950000762939453,26.6299991607666,25.799999237060547,26.440000534057617,26.372116088867188,4179500
2013-11-13,26.329999923706055,26.489999771118164,26.1200008392334,26.420000076293945,26.3521671295166,2754100
2013-11-14,26.389999389648438,26.450000762939453,25.770000457763672,25.959999084472656,25.893346786499023,2817700
2013-11-15,25.739999771118164,25.940000534057617,23.8700008392334,24.059999465942383,23.998226165771484,11144400
2013-11-18,24.149999618530273,24.579999923706055,23.969999313354492,24.1200008392334,24.058073043823242,7690600
2013-11-19,23.959999084472656,24.25,23.09000015258789,23.31999969482422,23.2601261138916,7940700
2013-11-20,23.3700008392334,23.5,22.84000015258789,23.0,22.940946578979492,5860100
2013-11-21,23.030000686645508,23.59000015258789,22.68000030517578,23.389999389648438,23.329946517944336,4615200
2013-11-22,23.440000534057617,23.559999465942383,22.719999313354492,23.139999389648438,23.080589294433594,4697600
2013-11-25,23.15999984741211,23.31999969482422,22.600000381469727,22.780000686645508,22.721513748168945,4066400
2013-11-26,22.690000534057617,23.18000030517578,22.440000534057617,22.520000457763672,22.462181091308594,5231200
2013-11-27,22.520000457763672,22.639999389648438,22.040000915527344,22.110000610351562,22.053232192993164,5061100
2013-11-29,22.09000015258789,22.479999542236328,21.989999771118164,22.170000076293945,22.113079071044922,2471100
2013-12-02,22.280000686645508,22.3799991607666,21.84000015258789,21.899999618530273,21.843772888183594,5386300
2013-12-03,21.780000686645508,22.190000534057617,21.469999313354492,21.540000915527344,21.484697341918945,5720100
2013-12-04,21.719999313354492,22.399999618530273,21.360000610351562,22.34000015258789,22.282642364501953,6561900
2013-12-05,21.530000686645508,21.549999237060547,20.469999313354492,21.010000228881836,20.956058502197266,12841600
2013-12-06,21.43000030517578,22.56999969482422,21.049999237060547,22.239999771118164,22.182897567749023,8260600
2013-12-09,22.020000457763672,22.450000762939453,21.889999389648438,22.190000534057617,22.133028030395508,4538500
2013-12-10,22.06999969482422,22.350000381469727,21.889999389648438,22.059999465942383,22.003360748291016,3405900
2013-12-11,22.079999923706055,22.229999542236328,21.040000915527344,21.079999923706055,21.025876998901367,8159300
2013-12-12,21.049999237060547,21.25,20.780000686645508,20.969999313354492,20.91615867614746,5213700
2013-12-13,21.790000915527344,23.219999313354492,21.690000534057617,22.219999313354492,22.162948608398438,8719800
2013-12-16,22.200000762939453,22.3799991607666,21.850000381469727,22.059999465942383,22.003360748291016,6999400
2013-12-17,22.100000381469727,22.84000015258789,22.079999923706055,22.75,22.691591262817383,4517800
2013-12-18,22.829999923706055,23.3799991607666,22.639999389648438,22.860000610351562,22.801307678222656,8074200
2013-12-19,22.850000381469727,23.65999984741211,22.65999984741211,23.420000076293945,23.3598690032959,6452000
2013-12-20,23.469999313354492,23.6200008392334,23.030000686645508,23.540000915527344,23.47956085205078,9411800
2013-12-23,23.649999618530273,24.0,23.579999923706055,23.860000610351562,23.79874038696289,3941900
2013-12-24,23.93000030517578,23.969999313354492,23.719999313354492,23.829999923706055,23.768815994262695,1076300
2013-12-26,23.889999389648438,23.969999313354492,23.540000915527344,23.670000076293945,23.609228134155273,1778200
2013-12-27,23.709999084472656,23.770000457763672,23.059999465942383,23.170000076293945,23.110511779785156,3003900
2013-12-30,23.139999389648438,23.270000457763672,22.739999771118164,22.889999389648438,22.83123016357422,4375300
2013-12-31,23.0,23.15999984741211,22.6299991607666,22.940000534057617,22.881101608276367,3337400
2014-01-02,22.899999618530273,22.959999084472656,22.43000030517578,22.829999923706055,22.771385192871094,3550700
2014-01-03,22.8799991607666,23.100000381469727,22.5,22.68000030517578,22.621768951416016,3112600
2014-01-06,22.809999465942383,23.030000686645508,22.09000015258789,22.530000686645508,22.47215461730957,4300900
2014-01-07,22.68000030517578,23.3799991607666,22.530000686645508,23.100000381469727,23.040691375732422,3963000
2014-01-08,23.139999389648438,23.450000762939453,23.110000610351562,23.309999465942383,23.250150680541992,3022200
2014-01-09,23.420000076293945,23.690000534057617,22.6200008392334,22.75,22.691591262817383,2788700
2014-01-10,22.790000915527344,23.030000686645508,22.709999084472656,23.010000228881836,22.9509220123291,2026700
2014-01-13,23.010000228881836,23.020000457763672,22.329999923706055,22.3799991607666,22.322538375854492,4041200
2014-01-14,22.600000381469727,22.600000381469727,21.579999923706055,22.459999084472656,22.402334213256836,9022600
2014-01-15,22.600000381469727,22.850000381469727,21.889999389648438,21.93000030517578,21.873695373535156,5948900
2014-01-16,21.860000610351562,22.040000915527344,21.25,21.540000915527344,21.484697341918945,9347800
2014-01-17,23.030000686645508,24.290000915527344,22.969999313354492,24.100000381469727,24.038124084472656,13893900
2014-01-21,24.239999771118164,24.59000015258789,24.010000228881836,24.31999969482422,24.257556915283203,7515100
2014-01-22,24.270000457763672,24.389999389648438,24.020000457763672,24.170000076293945,24.10794448852539,4097900
2014-01-23,23.950000762939453,24.270000457763672,23.6299991607666,23.8700008392334,23.808713912963867,2630800
2014-01-24,23.639999389648438,23.959999084472656,23.389999389648438,23.84000015258789,23.778791427612305,5559800
2014-01-27,23.979999542236328,24.59000015258789,23.729999542236328,24.469999313354492,24.40717315673828,8220300
2014-01-28,24.549999237060547,25.010000228881836,24.440000534057617,24.8700008392334,24.806148529052734,14116500
2014-01-29,25.030000686645508,26.059999465942383,24.65999984741211,25.219999313354492,25.15524673461914,14164800
2014-01-30,25.34000015258789,26.219999313354492,25.299999237060547,26.030000686645508,25.96316909790039,6994800
2014-01-31,25.93000030517578,26.860000610351562,25.6200008392334,26.399999618530273,26.332218170166016,8244600
2014-02-03,26.360000610351562,26.649999618530273,25.56999969482422,26.079999923706055,26.013038635253906,7050400
2014-02-04,26.489999771118164,26.790000915527344,26.15999984741211,26.18000030517578,26.112783432006836,9151300
2014-02-05,26.049999237060547,26.479999542236328,25.809999465942383,26.15999984741211,26.092832565307617,6565200
2014-02-06,25.700000762939453,26.649999618530273,25.559999465942383,26.459999084472656,26.39206314086914,6423300
2014-02-07,26.6200008392334,27.700000762939453,26.459999084472656,27.200000762939453,27.130165100097656,9164600
2014-02-10,26.760000228881836,27.399999618530273,26.6200008392334,26.8799991607666,26.810985565185547,4858000
2014-02-11,26.93000030517578,27.549999237060547,26.450000762939453,27.40999984741211,27.339624404907227,4909700
2014-02-12,27.3700008392334,27.8799991607666,27.34000015258789,27.860000610351562,27.788469314575195,3272900
2014-02-13,27.520000457763672,27.739999771118164,27.200000762939453,27.559999465942383,27.489240646362305,2957800
2014-02-14,27.6200008392334,27.799999237060547,27.450000762939453,27.579999923706055,27.50918960571289,3606300
2014-02-18,27.610000610351562,28.5,27.56999969482422,28.399999618530273,28.327083587646484,3535600
2014-02-19,28.18000030517578,28.440000534057617,27.889999389648438,27.90999984741211,27.838342666625977,3398400
2014-02-20,28.0,28.139999389648438,27.670000076293945,27.790000915527344,27.71864891052246,4224800
2014-02-21,27.799999237060547,28.209999084472656,27.799999237060547,28.0,27.928110122680664,3743800
2014-02-24,28.030000686645508,28.329999923706055,27.950000762939453,27.959999084472656,27.888212203979492,2294100
2014-02-25,28.040000915527344,28.15999984741211,27.670000076293945,28.100000381469727,28.02785301208496,3410200
2014-02-26,28.190000534057617,28.729999542236328,28.0,28.270000457763672,28.197416305541992,4889500
2014-02-27,28.149999618530273,28.6299991607666,27.81999969482422,28.540000915527344,28.466724395751953,2909500
2014-02-28,28.31999969482422,28.709999084472656,28.290000915527344,28.59000015258789,28.5165958404541,4761800
2014-03-03,28.469999313354492,28.5,27.959999084472656,28.09000015258789,28.017879486083984,2885400
2014-03-04,28.43000030517578,28.860000610351562,28.3700008392334,28.809999465942383,28.73603057861328,5976000
2014-03-05,28.899999618530273,29.110000610351562,28.65999984741211,29.09000015258789,29.01531219482422,3993400
2014-03-06,29.290000915527344,29.649999618530273,29.170000076293945,29.209999084472656,29.1350040435791,3344400
2014-03-07,29.440000534057617,29.489999771118164,28.940000534057617,29.3799991607666,29.304567337036133,3493900
2014-03-10,29.299999237060547,29.479999542236328,29.020000457763672,29.209999084472656,29.1350040435791,4452000
2014-03-11,29.18000030517578,29.899999618530273,29.170000076293945,29.799999237060547,29.723487854003906,7184800
2014-03-12,29.440000534057617,30.100000381469727,29.299999237060547,29.979999542236328,29.903024673461914,5355300
2014-03-13,29.360000610351562,29.920000076293945,29.309999465942383,29.709999084472656,29.63372039794922,11987900
2014-03-14,29.850000381469727,30.469999313354492,29.420000076293945,29.600000381469727,29.524002075195312,7353900
2014-03-17,29.65999984741211,30.43000030517578,29.65999984741211,30.100000381469727,30.022720336914062,3341800
2014-03-18,30.059999465942383,30.3700008392334,30.059999465942383,30.239999771118164,30.1623592376709,1996000
2014-03-19,30.190000534057617,30.469999313354492,29.8799991607666,30.229999542236328,30.15238380432129,2502800
2014-03-20,30.139999389648438,30.3700008392334,29.760000228881836,30.25,30.172332763671875,2308700
2014-03-21,30.559999465942383,30.559999465942383,29.610000610351562,29.75,29.67361831665039,5013000
2014-03-24,29.889999389648438,30.049999237060547,28.829999923706055,29.0,28.9255428314209,4895400
2014-03-25,29.239999771118164,29.59000015258789,28.950000762939453,29.290000915527344,29.214799880981445,3240900
2014-03-26,29.3700008392334,29.440000534057617,28.420000076293945,28.56999969482422,28.496646881103516,3653500
2014-03-27,28.43000030517578,28.6200008392334,27.950000762939453,28.479999542236328,28.406877517700195,4833500
2014-03-28,28.6200008392334,29.030000686645508,28.329999923706055,28.530000686645508,28.456750869750977,2716800
2014-03-31,28.6299991607666,29.34000015258789,28.389999389648438,29.010000228881836,28.935516357421875,3594900
2014-04-01,29.1299991607666,29.489999771118164,28.790000915527344,29.469999313354492,29.39433479309082,3056300
2014-04-02,29.75,29.75,28.920000076293945,29.1299991607666,29.055208206176758,3291900
2014-04-03,28.850000381469727,29.549999237060547,28.670000076293945,28.8700008392334,28.79587745666504,4281100
2014-04-04,29.139999389648438,29.350000381469727,28.530000686645508,28.600000381469727,28.526569366455078,2994400
2014-04-07,28.469999313354492,28.760000228881836,28.010000228881836,28.34000015258789,28.26723861694336,2930800
2014-04-08,28.350000381469727,28.889999389648438,28.31999969482422,28.729999542236328,28.656234741210938,5502100
2014-04-09,28.690000534057617,28.889999389648438,27.260000228881836,28.15999984741211,28.08769989013672,6942200
2014-04-10,28.239999771118164,28.329999923706055,27.139999389648438,27.219999313354492,27.15011215209961,5461000
2014-04-11,27.239999771118164,27.239999771118164,26.639999389648438,26.670000076293945,26.601526260375977,5703900
2014-04-14,26.989999771118164,27.450000762939453,26.709999084472656,27.280000686645508,27.209959030151367,3278300
2014-04-15,27.309999465942383,27.559999465942383,26.920000076293945,27.469999313354492,27.399471282958984,4202300
2014-04-16,27.219999313354492,27.6200008392334,27.100000381469727,27.59000015258789,27.519163131713867,3320700
2014-04-17,27.420000076293945,27.610000610351562,27.350000381469727,27.56999969482422,27.49921417236328,2735000
2014-04-21,27.75,28.18000030517578,27.65999984741211,27.979999542236328,27.908161163330078,2570700
2014-04-22,27.600000381469727,28.229999542236328,27.59000015258789,28.1200008392334,28.04780387878418,3260100
2014-04-23,28.139999389648438,28.260000228881836,27.950000762939453,28.149999618530273,28.07772445678711,2785900
2014-04-24,28.31999969482422,28.43000030517578,27.940000534057617,28.100000381469727,28.02785301208496,2187400
2014-04-25,28.049999237060547,28.329999923706055,27.809999465942383,28.209999084472656,28.137569427490234,4894500
2014-04-28,28.34000015258789,28.420000076293945,27.850000381469727,28.18000030517578,28.107648849487305,3811700
2014-04-29,28.219999313354492,28.25,27.760000228881836,28.059999465942383,27.98795509338379,2756100
2014-04-30,28.06999969482422,28.350000381469727,27.969999313354492,28.299999237060547,28.227338790893555,2648100
2014-05-01,28.479999542236328,29.020000457763672,28.110000610351562,28.739999771118164,28.666208267211914,2833400
2014-05-02,28.719999313354492,28.90999984741211,28.299999237060547,28.5,28.42682647705078,2388000
2014-05-05,28.450000762939453,28.809999465942383,28.059999465942383,28.760000228881836,28.686161041259766,2488500
2014-05-06,28.809999465942383,28.969999313354492,28.030000686645508,28.049999237060547,27.977981567382812,4627000
2014-05-07,32.33000183105469,34.029998779296875,32.08000183105469,33.95000076293945,33.86283493041992,24834800
2014-05-08,33.400001525878906,34.869998931884766,33.11000061035156,34.279998779296875,34.191986083984375,12508400
2014-05-09,34.04999923706055,35.25,33.75,35.119998931884766,35.02983093261719,9362600
2014-05-12,35.310001373291016,35.459999084472656,34.869998931884766,35.310001373291016,35.21934127807617,5541100
2014-05-13,35.38999938964844,35.650001525878906,34.9900016784668,35.040000915527344,34.95003890991211,7488400
2014-05-14,34.93000030517578,35.0,34.119998931884766,34.130001068115234,34.04237365722656,5763500
2014-05-15,34.029998779296875,34.2400016784668,33.599998474121094,33.790000915527344,33.7032470703125,5193400
2014-05-16,33.900001525878906,34.54999923706055,33.709999084472656,34.439998626708984,34.3515739440918,4512800
2014-05-19,33.880001068115234,34.790000915527344,33.72999954223633,34.56999969482422,34.481239318847656,3419300
2014-05-20,34.0099983215332,34.599998474121094,34.0,34.380001068115234,34.29173278808594,4150600
2014-05-21,34.290000915527344,34.880001068115234,34.189998626708984,34.599998474121094,34.51116180419922,2448800
2014-05-22,34.2400016784668,34.79999923706055,34.16999816894531,34.56999969482422,34.481239318847656,3281400
2014-05-23,34.599998474121094,34.970001220703125,34.40999984741211,34.880001068115234,34.79044723510742,2293200
2014-05-27,34.970001220703125,35.16999816894531,34.790000915527344,35.08000183105469,34.98993682861328,2776000
2014-05-28,34.91999816894531,35.150001525878906,34.61000061035156,34.70000076293945,34.61090850830078,1823900
2014-05-29,34.7599983215332,34.84000015258789,34.29999923706055,34.7599983215332,34.670753479003906,2381500
2014-05-30,34.810001373291016,35.13999938964844,34.709999084472656,35.130001068115234,35.0398063659668,2886500
2014-06-02,34.97999954223633,35.15999984741211,34.310001373291016,34.560001373291016,34.47126770019531,2117400
2014-06-03,34.380001068115234,34.7400016784668,34.25,34.72999954223633,34.640830993652344,2062100
2014-06-04,34.70000076293945,35.380001068115234,34.650001525878906,34.95000076293945,34.860267639160156,2447300
2014-06-05,34.95000076293945,35.0,34.5,34.779998779296875,34.69070053100586,2197600
2014-06-06,34.79999923706055,35.0099983215332,34.59000015258789,34.849998474121094,34.760520935058594,1769900
2014-06-09,35.0099983215332,35.08000183105469,34.56999969482422,34.90999984741211,34.820369720458984,2690300
2014-06-10,34.869998931884766,35.79999923706055,34.869998931884766,35.70000076293945,35.608341217041016,5076800
2014-06-11,35.470001220703125,35.86000061035156,35.22999954223633,35.5099983215332,35.418827056884766,3465400
2014-06-12,35.45000076293945,35.75,35.150001525878906,35.22999954223633,35.13954544067383,2807200
2014-06-13,35.22999954223633,35.7400016784668,35.150001525878906,35.68000030517578,35.5883903503418,3007300
2014-06-16,35.47999954223633,35.900001525878906,35.369998931884766,35.70000076293945,35.608341217041016,2306200
2014-06-17,35.54999923706055,36.959999084472656,35.47999954223633,36.790000915527344,36.69554138183594,5933600
2014-06-18,36.68000030517578,37.189998626708984,36.5099983215332,37.150001525878906,37.05461883544922,4080600
2014-06-19,37.11000061035156,37.2599983215332,36.65999984741211,37.06999969482422,36.974822998046875,3328200
2014-06-20,37.2400016784668,37.2400016784668,36.849998474121094,37.13999938964844,37.04464340209961,4861400
2014-06-23,36.97999954223633,37.11000061035156,36.81999969482422,36.900001525878906,36.80526351928711,2719700
2014-06-24,36.7599983215332,36.95000076293945,36.349998474121094,36.36000061035156,36.26664733886719,4090500
2014-06-25,36.41999816894531,36.75,36.16999816894531,36.5099983215332,36.416259765625,2965700
2014-06-26,36.560001373291016,36.58000183105469,36.119998931884766,36.27000045776367,36.176876068115234,2194600
2014-06-27,36.2599983215332,36.470001220703125,35.7400016784668,35.88999938964844,35.7978515625,6837000
2014-06-30,35.91999816894531,36.0,35.560001373291016,35.869998931884766,35.77790451049805,3521700
2014-07-01,36.029998779296875,36.599998474121094,35.70000076293945,36.40999984741211,36.31652069091797,3302300
2014-07-02,36.400001525878906,36.849998474121094,36.349998474121094,36.7599983215332,36.665618896484375,2390800
2014-07-03,36.79999923706055,37.029998779296875,36.54999923706055,36.91999816894531,36.8252067565918,1161900
2014-07-07,36.75,36.90999984741211,36.060001373291016,36.15999984741211,36.067161560058594,2647100
2014-07-08,36.369998931884766,36.369998931884766,35.08000183105469,35.290000915527344,35.19939422607422,3791300
2014-07-09,35.630001068115234,35.7599983215332,35.290000915527344,35.52000045776367,35.428802490234375,3201300
2014-07-10,35.040000915527344,36.04999923706055,34.93000030517578,35.849998474121094,35.75795364379883,3330600
2014-07-11,35.84000015258789,35.9900016784668,35.630001068115234,35.970001220703125,35.877647399902344,1825000
2014-07-14,36.349998474121094,36.65999984741211,36.099998474121094,36.54999923706055,36.45615768432617,2445300
2014-07-15,36.36000061035156,36.72999954223633,35.79999923706055,36.18000030517578,36.08710861206055,2540000
2014-07-16,36.45000076293945,37.29999923706055,36.349998474121094,37.119998931884766,37.02469253540039,3493300
2014-07-17,36.630001068115234,37.720001220703125,36.630001068115234,37.060001373291016,36.96485137939453,3537000
2014-07-18,37.029998779296875,38.56999969482422,36.9900016784668,38.380001068115234,38.28145980834961,5499500
2014-07-21,38.099998474121094,38.619998931884766,37.790000915527344,38.41999816894531,38.321353912353516,4409600
2014-07-22,38.58000183105469,38.63999938964844,37.959999084472656,38.41999816894531,38.321353912353516,6068100
2014-07-23,37.43000030517578,37.779998779296875,35.97999954223633,36.040000915527344,35.947471618652344,13034100
2014-07-24,36.33000183105469,36.95000076293945,36.08000183105469,36.84000015258789,36.74541473388672,6046000
2014-07-25,36.47999954223633,36.65999984741211,35.88999938964844,36.040000915527344,35.947471618652344,4059600
2014-07-28,36.02000045776367,36.040000915527344,35.08000183105469,35.09000015258789,34.999908447265625,9702400
2014-07-29,35.22999954223633,35.29999923706055,34.150001525878906,34.34000015258789,34.251834869384766,9114000
2014-07-30,34.5,34.56999969482422,34.310001373291016,34.5,34.41142272949219,4996500
2014-07-31,34.2400016784668,34.369998931884766,33.58000183105469,33.599998474121094,33.51373291015625,3897800
2014-08-01,33.54999923706055,34.04999923706055,33.459999084472656,33.709999084472656,33.62344741821289,4239200
2014-08-04,33.560001373291016,34.29999923706055,33.560001373291016,34.18000030517578,34.092247009277344,3674700
2014-08-05,34.060001373291016,34.33000183105469,33.66999816894531,34.130001068115234,34.04237365722656,3654800
2014-08-06,34.09000015258789,34.34000015258789,33.81999969482422,34.27000045776367,34.182010650634766,3240800
2014-08-07,34.369998931884766,34.52000045776367,33.16999816894531,33.310001373291016,33.22447967529297,4039600
2014-08-08,33.349998474121094,34.33000183105469,33.0099983215332,34.290000915527344,34.201961517333984,3802600
2014-08-11,34.34000015258789,35.130001068115234,34.34000015258789,35.06999969482422,34.979957580566406,4426800
2014-08-12,35.04999923706055,35.880001068115234,34.90999984741211,35.54999923706055,35.45872497558594,5650600
2014-08-13,35.59000015258789,36.439998626708984,35.380001068115234,36.40999984741211,36.31652069091797,4110200
2014-08-14,36.380001068115234,36.70000076293945,36.349998474121094,36.59000015258789,36.496055603027344,2667100
2014-08-15,36.779998779296875,36.79999923706055,35.869998931884766,36.13999938964844,36.047210693359375,3576700
2014-08-18,36.86000061035156,36.86000061035156,36.2400016784668,36.66999816894531,36.57584762573242,2373300
2014-08-19,36.619998931884766,37.220001220703125,36.58000183105469,37.0099983215332,36.914974212646484,4241100
2014-08-20,37.0,37.59000015258789,36.91999816894531,37.560001373291016,37.463565826416016,2951000
2014-08-21,37.66999816894531,37.83000183105469,37.189998626708984,37.7599983215332,37.66305160522461,3024800
2014-08-22,37.720001220703125,38.209999084472656,37.650001525878906,38.15999984741211,38.0620231628418,3312300
2014-08-25,38.349998474121094,38.38999938964844,37.560001373291016,37.619998931884766,37.523406982421875,2543800
2014-08-26,37.689998626708984,37.7599983215332,37.310001373291016,37.560001373291016,37.463565826416016,1672900
2014-08-27,37.5,37.650001525878906,36.97999954223633,37.220001220703125,37.12443923950195,2144100
2014-08-28,37.08000183105469,37.18000030517578,36.84000015258789,37.099998474121094,37.00474548339844,1866800
2014-08-29,36.75,37.86000061035156,36.72999954223633,37.84000015258789,37.74284744262695,2796100
2014-09-02,37.81999969482422,38.029998779296875,37.540000915527344,38.0099983215332,37.91240692138672,4259000
2014-09-03,38.189998626708984,38.29999923706055,37.849998474121094,37.88999938964844,37.79271697998047,2307100
2014-09-04,38.060001373291016,38.18000030517578,37.290000915527344,37.36000061035156,37.26408004760742,3014100
2014-09-05,37.29999923706055,37.689998626708984,37.130001068115234,37.689998626708984,37.593231201171875,1772500
2014-09-08,37.619998931884766,38.099998474121094,37.529998779296875,38.0,37.902435302734375,2971700
2014-09-09,37.95000076293945,37.95000076293945,37.38999938964844,37.45000076293945,37.35384750366211,2698400
2014-09-10,37.540000915527344,37.900001525878906,37.45000076293945,37.810001373291016,37.71292495727539,2653500
2014-09-11,37.54999923706055,38.06999969482422,37.5,38.040000915527344,37.94233322143555,2402700
2014-09-12,37.93000030517578,37.959999084472656,36.84000015258789,37.15999984741211,37.06459045410156,3462100
2014-09-15,37.27000045776367,37.29999923706055,36.189998626708984,36.529998779296875,36.43621063232422,2947400
2014-09-16,36.400001525878906,37.25,36.33000183105469,37.02000045776367,36.92495346069336,2299800
2014-09-17,36.810001373291016,37.470001220703125,36.279998779296875,36.40999984741211,36.31652069091797,6665700
2014-09-18,36.4900016784668,37.310001373291016,36.41999816894531,37.25,37.154361724853516,2425000
2014-09-19,37.43000030517578,37.45000076293945,36.70000076293945,36.709999084472656,36.615745544433594,3388300
2014-09-22,36.68000030517578,36.810001373291016,36.22999954223633,36.61000061035156,36.51600646972656,1746200
2014-09-23,36.56999969482422,37.02000045776367,36.380001068115234,36.66999816894531,36.57584762573242,2523900
2014-09-24,36.77000045776367,36.91999816894531,36.529998779296875,36.869998931884766,36.775333404541016,1421300
2014-09-25,36.63999938964844,36.93000030517578,35.77000045776367,35.81999969482422,35.728031158447266,3089300
2014-09-26,35.959999084472656,36.119998931884766,35.56999969482422,35.959999084472656,35.867671966552734,2217600
2014-09-29,35.560001373291016,35.95000076293945,35.29999923706055,35.779998779296875,35.688133239746094,2068100
2014-09-30,35.779998779296875,36.119998931884766,35.5099983215332,35.61000061035156,35.51857376098633,2146400
2014-10-01,35.540000915527344,35.58000183105469,34.83000183105469,35.13999938964844,35.04977798461914,2538700
2014-10-02,35.09000015258789,35.849998474121094,34.81999969482422,35.59000015258789,35.49862289428711,2631300
2014-10-03,35.869998931884766,36.0099983215332,35.529998779296875,35.95000076293945,35.85770034790039,2467100
2014-10-06,36.099998474121094,36.29999923706055,35.810001373291016,36.0,35.907569885253906,1790700
2014-10-07,35.68000030517578,36.0,34.900001525878906,34.91999816894531,34.83034133911133,3094500
2014-10-08,34.93000030517578,35.310001373291016,34.31999969482422,35.279998779296875,35.18941879272461,3844400
2014-10-09,35.400001525878906,36.040000915527344,34.810001373291016,35.0099983215332,34.920108795166016,2833400
2014-10-10,35.5099983215332,35.720001220703125,34.5099983215332,34.529998779296875,34.441341400146484,4095600
2014-10-13,34.459999084472656,34.70000076293945,33.189998626708984,33.22999954223633,33.144683837890625,4231800
2014-10-14,33.59000015258789,33.779998779296875,32.38999938964844,32.7400016784668,32.655941009521484,5577600
2014-10-15,32.2400016784668,33.540000915527344,31.770000457763672,33.380001068115234,33.2943000793457,5765500
2014-10-16,32.709999084472656,33.33000183105469,32.43000030517578,32.619998931884766,32.53624725341797,4259000
2014-10-17,33.0099983215332,34.779998779296875,32.75,34.279998779296875,34.191986083984375,4881900
2014-10-20,34.13999938964844,35.04999923706055,34.11000061035156,34.93000030517578,34.84031677246094,3344100
2014-10-21,35.09000015258789,35.70000076293945,35.029998779296875,35.689998626708984,35.598365783691406,2681300
2014-10-22,35.68000030517578,35.86000061035156,34.9900016784668,35.04999923706055,34.96000671386719,2203700
2014-10-23,35.43000030517578,36.47999954223633,35.20000076293945,36.2400016784668,36.14695739746094,3083300
2014-10-24,36.189998626708984,36.63999938964844,35.97999954223633,36.349998474121094,36.25667190551758,2413100
2014-10-27,36.130001068115234,37.150001525878906,35.9900016784668,36.869998931884766,36.775333404541016,2763300
2014-10-28,36.869998931884766,37.65999984741211,36.869998931884766,37.47999954223633,37.38376998901367,4608000
2014-10-29,38.81999969482422,40.34000015258789,38.66999816894531,38.90999984741211,38.810096740722656,10615200
2014-10-30,38.63999938964844,39.86000061035156,38.52000045776367,39.849998474121094,39.747684478759766,6688100
2014-10-31,40.099998474121094,41.349998474121094,40.099998474121094,40.970001220703125,40.864810943603516,5966300
2014-11-03,41.15999984741211,41.45000076293945,40.720001220703125,40.959999084472656,40.85483169555664,4294700
2014-11-04,40.75,41.0,40.400001525878906,40.63999938964844,40.5356559753418,4099400
2014-11-05,40.91999816894531,41.08000183105469,40.18000030517578,40.72999954223633,40.62542724609375,2691900
2014-11-06,40.77000045776367,41.13999938964844,40.720001220703125,40.79999923706055,40.69524383544922,2099100
2014-11-07,40.7400016784668,41.0,40.11000061035156,40.939998626708984,40.83488464355469,3717600
2014-11-10,40.97999954223633,41.43000030517578,40.61000061035156,41.2599983215332,41.1540641784668,4467300
2014-11-11,41.290000915527344,41.41999816894531,41.02000045776367,41.13999938964844,41.03437423706055,2150700
2014-11-12,41.060001373291016,41.279998779296875,40.58000183105469,41.20000076293945,41.09422302246094,2827700
2014-11-13,41.34000015258789,41.720001220703125,41.06999969482422,41.45000076293945,41.34357833862305,3780900
2014-11-14,41.5,41.63999938964844,40.869998931884766,41.470001220703125,41.363525390625,3687600
2014-11-17,41.400001525878906,41.95000076293945,41.20000076293945,41.400001525878906,41.29370880126953,2293300
2014-11-18,41.81999969482422,42.88999938964844,41.720001220703125,42.869998931884766,42.75992965698242,4571800
2014-11-19,42.869998931884766,43.72999954223633,42.349998474121094,43.45000076293945,43.338443756103516,6215300
2014-11-20,43.2599983215332,43.47999954223633,43.06999969482422,43.150001525878906,43.03921127319336,5915400
2014-11-21,43.66999816894531,44.060001373291016,43.25,43.5,43.38831329345703,3328500
2014-11-24,43.560001373291016,43.790000915527344,43.38999938964844,43.599998474121094,43.48805618286133,3128100
2014-11-25,43.619998931884766,44.5,43.56999969482422,44.0099983215332,43.897003173828125,4211900
2014-11-26,43.93000030517578,43.970001220703125,43.52000045776367,43.68000030517578,43.56785583496094,3562700
2014-11-28,44.09000015258789,44.189998626708984,43.560001373291016,43.93000030517578,43.81721115112305,2135100
2014-12-01,43.7599983215332,43.86000061035156,43.040000915527344,43.150001525878906,43.03921127319336,3683500
2014-12-02,43.209999084472656,43.84000015258789,43.130001068115234,43.630001068115234,43.517982482910156,2944100
2014-12-03,43.439998626708984,46.22999954223633,43.439998626708984,45.9900016784668,45.871925354003906,7562700
2014-12-04,45.79999923706055,46.97999954223633,45.47999954223633,46.4900016784668,46.37063980102539,6607800
2014-12-05,46.52000045776367,47.130001068115234,46.15999984741211,46.65999984741211,46.540199279785156,3777700
2014-12-08,46.439998626708984,46.56999969482422,45.689998626708984,46.0099983215332,45.891868591308594,4087600
2014-12-09,45.560001373291016,45.86000061035156,44.95000076293945,45.58000183105469,45.46297836303711,5206400
2014-12-10,45.529998779296875,45.939998626708984,44.560001373291016,44.7599983215332,44.645076751708984,4254300
2014-12-11,44.83000183105469,45.72999954223633,44.81999969482422,45.119998931884766,45.004154205322266,2814300
2014-12-12,44.72999954223633,45.790000915527344,44.540000915527344,44.900001525878906,44.78472137451172,3546400
2014-12-15,45.0,46.38999938964844,44.93000030517578,45.45000076293945,45.333309173583984,5530700
2014-12-16,45.22999954223633,46.18000030517578,44.869998931884766,45.45000076293945,45.333309173583984,5673300
2014-12-17,45.5,46.5,45.220001220703125,46.060001373291016,45.941741943359375,5668100
2014-12-18,46.16999816894531,47.2599983215332,46.16999816894531,47.2400016784668,47.11871337890625,6805100
2014-12-19,47.5,47.689998626708984,47.060001373291016,47.459999084472656,47.3381462097168,9988300
2014-12-22,47.68000030517578,48.36000061035156,47.4900016784668,47.849998474121094,47.72714614868164,3072000
2014-12-23,47.97999954223633,48.34000015258789,47.40999984741211,47.84000015258789,47.71717071533203,2993000
2014-12-24,47.959999084472656,48.310001373291016,47.86000061035156,48.060001373291016,47.93661117553711,844900
2014-12-26,48.08000183105469,48.529998779296875,47.779998779296875,48.33000183105469,48.20591354370117,1161700
2014-12-29,48.33000183105469,48.52000045776367,47.52000045776367,47.59000015258789,47.46781539916992,1750300
2014-12-30,47.619998931884766,47.79999923706055,47.25,47.380001068115234,47.25835418701172,1796100
2014-12-31,47.5,47.95000076293945,46.970001220703125,47.02000045776367,46.89927673339844,1842300
2015-01-02,47.189998626708984,47.66999816894531,46.58000183105469,46.869998931884766,46.74966049194336,1959800
2015-01-05,46.959999084472656,47.34000015258789,46.52000045776367,46.56999969482422,46.45043182373047,2727600
2015-01-06,46.869998931884766,47.33000183105469,45.41999816894531,45.959999084472656,45.84199523925781,4418900
2015-01-07,46.27000045776367,47.029998779296875,46.099998474121094,46.810001373291016,46.6898193359375,4849400
2015-01-08,47.0099983215332,48.25,47.0099983215332,48.130001068115234,48.00642776489258,3877000
2015-01-09,48.04999923706055,48.25,47.06999969482422,47.5099983215332,47.38801574707031,3181400
2015-01-12,47.54999923706055,47.619998931884766,46.5099983215332,47.060001373291016,46.93917465209961,2158300
2015-01-13,47.59000015258789,48.18000030517578,46.02000045776367,46.41999816894531,46.30081558227539,3287300
2015-01-14,45.52000045776367,46.95000076293945,45.209999084472656,46.900001525878906,46.77958679199219,3100400
2015-01-15,46.93000030517578,46.9900016784668,45.9900016784668,46.63999938964844,46.5202522277832,3073500
2015-01-16,46.66999816894531,48.15999984741211,46.2599983215332,48.09000015258789,47.966529846191406,3220000
2015-01-20,48.2400016784668,48.59000015258789,47.5099983215332,47.810001373291016,47.687252044677734,4049400
2015-01-21,47.709999084472656,48.4900016784668,47.290000915527344,48.06999969482422,47.94657897949219,4209300
2015-01-22,48.34000015258789,49.400001525878906,47.91999816894531,49.36000061035156,49.23326873779297,3478700
2015-01-23,49.43000030517578,50.40999984741211,49.33000183105469,49.790000915527344,49.662166595458984,5258600
2015-01-26,49.29999923706055,49.790000915527344,48.790000915527344,49.47999954223633,49.35295867919922,4310900
2015-01-27,48.79999923706055,49.16999816894531,48.220001220703125,48.40999984741211,48.28570556640625,5998000
2015-01-28,51.86000061035156,55.16999816894531,51.220001220703125,54.61000061035156,54.469791412353516,16170000
2015-01-29,54.43000030517578,55.58000183105469,53.880001068115234,55.33000183105469,55.18794250488281,8256700
2015-01-30,55.0,55.79999923706055,54.470001220703125,54.86000061035156,54.719146728515625,5048600
2015-02-02,55.029998779296875,55.11000061035156,53.54999923706055,54.970001220703125,54.82886505126953,5238900
2015-02-03,55.040000915527344,55.25,53.970001220703125,54.52000045776367,54.38002014160156,4349100
2015-02-04,54.540000915527344,55.279998779296875,54.040000915527344,54.560001373291016,54.419918060302734,3670300
2015-02-05,54.72999954223633,56.70000076293945,54.61000061035156,56.38999938964844,56.24522018432617,4959300
2015-02-06,56.279998779296875,56.95000076293945,54.79999923706055,55.13999938964844,54.99842834472656,4833600
2015-02-09,54.70000076293945,55.0,54.08000183105469,54.279998779296875,54.1406364440918,3216000
2015-02-10,54.470001220703125,55.08000183105469,53.86000061035156,54.7599983215332,54.61940002441406,3769500
2015-02-11,54.869998931884766,55.279998779296875,54.52000045776367,54.95000076293945,54.80891799926758,2193000
2015-02-12,55.290000915527344,56.63999938964844,55.220001220703125,56.20000076293945,56.05570602416992,3783200
2015-02-13,56.349998474121094,56.90999984741211,55.63999938964844,56.38999938964844,56.24522018432617,2907200
2015-02-17,56.459999084472656,56.900001525878906,55.939998626708984,56.7599983215332,56.6142692565918,3174000
2015-02-18,56.58000183105469,57.619998931884766,56.52000045776367,57.61000061035156,57.46208572387695,3469500
2015-02-19,57.61000061035156,57.70000076293945,57.08000183105469,57.13999938964844,56.99329376220703,3000800
2015-02-20,57.13999938964844,57.720001220703125,56.66999816894531,57.66999816894531,57.52193069458008,2284400
2015-02-23,57.83000183105469,57.900001525878906,57.20000076293945,57.54999923706055,57.40224075317383,1833400
2015-02-24,57.400001525878906,57.810001373291016,57.13999938964844,57.630001068115234,57.48203659057617,3351900
2015-02-25,57.650001525878906,57.84000015258789,57.0099983215332,57.38999938964844,57.242652893066406,2556900
2015-02-26,57.4900016784668,58.869998931884766,57.36000061035156,57.72999954223633,57.5817756652832,2751300
2015-02-27,56.810001373291016,57.7599983215332,56.54999923706055,57.18000030517578,57.0331916809082,2955000
2015-03-02,57.18000030517578,57.79999923706055,56.9900016784668,57.45000076293945,57.30249786376953,1606700
2015-03-03,57.25,57.36000061035156,56.33000183105469,56.66999816894531,56.524497985839844,1980900
2015-03-04,56.47999954223633,57.209999084472656,56.220001220703125,57.20000076293945,57.053138732910156,2631100
2015-03-05,57.189998626708984,57.83000183105469,57.0099983215332,57.380001068115234,57.2326774597168,1998700
2015-03-06,57.220001220703125,57.220001220703125,56.16999816894531,56.36000061035156,56.21529769897461,1769400
2015-03-09,56.38999938964844,56.91999816894531,56.25,56.66999816894531,56.524497985839844,2344000
2015-03-10,55.380001068115234,56.0,54.5099983215332,55.04999923706055,54.90865707397461,4566900
2015-03-11,54.79999923706055,56.130001068115234,54.75,55.09000015258789,54.94855499267578,2814500
2015-03-12,55.4900016784668,55.4900016784668,54.790000915527344,55.060001373291016,54.918636322021484,2891200
2015-03-13,55.04999923706055,56.369998931884766,54.849998474121094,55.29999923706055,55.158016204833984,3546400
2015-03-16,55.619998931884766,56.459999084472656,55.5099983215332,55.81999969482422,55.67668533325195,2821000
2015-03-17,55.2599983215332,55.40999984741211,54.029998779296875,54.16999816894531,54.03091812133789,4692900
2015-03-18,54.22999954223633,55.790000915527344,54.02000045776367,55.630001068115234,55.4871711730957,7023000
2015-03-19,55.599998474121094,56.349998474121094,55.380001068115234,55.959999084472656,55.816322326660156,2384900
2015-03-20,56.400001525878906,57.47999954223633,56.31999969482422,57.279998779296875,57.132930755615234,4443500
2015-03-23,57.439998626708984,57.970001220703125,57.27000045776367,57.27000045776367,57.122962951660156,2146900
2015-03-24,57.43000030517578,58.380001068115234,57.11000061035156,57.959999084472656,57.811187744140625,3347900
2015-03-25,57.880001068115234,58.25,56.06999969482422,56.09000015258789,55.945987701416016,2855900
2015-03-26,55.290000915527344,56.29999923706055,54.689998626708984,56.08000183105469,55.93601608276367,3926700
2015-03-27,56.43000030517578,58.279998779296875,56.20000076293945,58.2400016784668,58.09046936035156,4672100
2015-03-30,58.720001220703125,60.209999084472656,58.58000183105469,59.470001220703125,59.31731033325195,4117500
2015-03-31,59.0,59.439998626708984,58.4900016784668,58.81999969482422,58.66897964477539,2471000
2015-04-01,58.939998626708984,58.959999084472656,57.16999816894531,57.279998779296875,57.132930755615234,4341100
2015-04-02,57.2400016784668,57.97999954223633,56.95000076293945,57.650001525878906,57.501983642578125,2709500
2015-04-06,57.11000061035156,58.06999969482422,57.0099983215332,57.119998931884766,56.97334289550781,2374900
2015-04-07,57.040000915527344,58.13999938964844,56.970001220703125,57.79999923706055,57.6515998840332,2071200
2015-04-08,57.810001373291016,58.34000015258789,57.61000061035156,58.150001525878906,58.000701904296875,2091300
2015-04-09,57.97999954223633,58.849998474121094,57.31999969482422,57.5,57.35236740112305,2008100
2015-04-10,57.7400016784668,58.38999938964844,57.25,58.36000061035156,58.21015930175781,2546800
2015-04-13,58.290000915527344,58.439998626708984,57.22999954223633,57.33000183105469,57.18280792236328,1577800
2015-04-14,57.290000915527344,57.97999954223633,56.63999938964844,57.06999969482422,56.92346954345703,2287400
2015-04-15,57.13999938964844,57.689998626708984,56.619998931884766,56.86000061035156,56.714012145996094,2361300
2015-04-16,56.81999969482422,57.04999923706055,56.61000061035156,56.86000061035156,56.714012145996094,1372200
2015-04-17,56.400001525878906,56.58000183105469,55.52000045776367,56.029998779296875,55.88614273071289,2853600
2015-04-20,56.439998626708984,57.31999969482422,56.099998474121094,57.290000915527344,57.14291000366211,2048600
2015-04-21,57.540000915527344,59.130001068115234,57.36000061035156,59.029998779296875,58.878440856933594,4089800
2015-04-22,59.34000015258789,59.88999938964844,59.029998779296875,59.810001373291016,59.65644073486328,2569200
2015-04-23,59.7599983215332,60.279998779296875,59.439998626708984,59.880001068115234,59.72625732421875,2476500
2015-04-24,59.900001525878906,59.90999984741211,59.380001068115234,59.88999938964844,59.73623275756836,1824100
2015-04-27,59.9900016784668,60.630001068115234,59.689998626708984,59.84000015258789,59.68635940551758,3178200
2015-04-28,59.70000076293945,60.13999938964844,58.619998931884766,59.11000061035156,58.95823669433594,2695900
2015-04-29,58.880001068115234,59.5099983215332,58.20000076293945,58.619998931884766,58.4694938659668,1959600
2015-04-30,58.369998931884766,58.869998931884766,57.630001068115234,58.09000015258789,57.94085693359375,2578400
2015-05-01,58.25,59.52000045776367,58.11000061035156,59.33000183105469,59.17767333984375,2257800
2015-05-04,59.52000045776367,59.58000183105469,58.4900016784668,59.310001373291016,59.15772247314453,3425300
2015-05-05,59.40999984741211,59.68000030517578,58.54999923706055,59.15999984741211,59.00810623168945,4662300
2015-05-06,61.349998474121094,63.25,60.540000915527344,60.93000030517578,60.773563385009766,12687900
2015-05-07,61.209999084472656,61.45000076293945,60.15999984741211,60.27000045776367,60.115257263183594,4081500
2015-05-08,61.0,62.2400016784668,60.83000183105469,61.880001068115234,61.721126556396484,3324300
2015-05-11,61.900001525878906,63.459999084472656,61.599998474121094,62.59000015258789,62.42930221557617,4825100
2015-05-12,62.2400016784668,62.900001525878906,61.599998474121094,62.459999084472656,62.29963302612305,2674400
2015-05-13,62.0,62.220001220703125,60.84000015258789,61.72999954223633,61.571510314941406,3031600
2015-05-14,62.29999923706055,63.119998931884766,61.95000076293945,63.09000015258789,62.928016662597656,2962300
2015-05-15,62.810001373291016,63.31999969482422,62.4900016784668,62.880001068115234,62.71855926513672,1979300
2015-05-18,62.54999923706055,63.5,62.540000915527344,63.29999923706055,63.13747787475586,1985900
2015-05-19,62.560001373291016,62.97999954223633,62.400001525878906,62.61000061035156,62.449249267578125,4319300
2015-05-20,62.52000045776367,62.630001068115234,61.84000015258789,62.2400016784668,62.0802001953125,1796200
2015-05-21,62.2599983215332,62.90999984741211,61.61000061035156,62.689998626708984,62.5290412902832,2427000
2015-05-22,62.599998474121094,63.130001068115234,62.380001068115234,62.560001373291016,62.39937973022461,2137300
2015-05-26,62.56999969482422,62.970001220703125,62.27000045776367,62.529998779296875,62.36945343017578,2305200
2015-05-27,62.61000061035156,63.970001220703125,62.61000061035156,63.86000061035156,63.696041107177734,3481500
2015-05-28,63.33000183105469,64.30000305175781,63.22999954223633,63.27000045776367,63.1075553894043,1934100
2015-05-29,63.06999969482422,64.1500015258789,62.66999816894531,62.7599983215332,62.5988655090332,2381900
2015-06-01,63.060001373291016,63.29999923706055,62.20000076293945,62.88999938964844,62.72853088378906,1962400
2015-06-02,62.5,63.459999084472656,62.459999084472656,62.97999954223633,62.81829833984375,2123400
2015-06-03,63.33000183105469,63.689998626708984,63.02000045776367,63.369998931884766,63.207298278808594,1221200
2015-06-04,63.09000015258789,63.45000076293945,62.5,62.630001068115234,62.469200134277344,1385200
2015-06-05,62.599998474121094,63.13999938964844,62.09000015258789,62.900001525878906,62.73850631713867,2040000
2015-06-08,63.06999969482422,63.18000030517578,61.4900016784668,61.65999984741211,61.501686096191406,1956700
2015-06-09,61.58000183105469,62.0,61.11000061035156,61.779998779296875,61.621376037597656,1540400
2015-06-10,62.13999938964844,62.68000030517578,61.5099983215332,62.529998779296875,62.36945343017578,1613300
2015-06-11,62.47999954223633,62.81999969482422,62.150001525878906,62.59000015258789,62.42930221557617,1512900
2015-06-12,62.540000915527344,63.0099983215332,62.040000915527344,62.75,62.588890075683594,1659200
2015-06-15,62.060001373291016,62.060001373291016,61.380001068115234,61.56999969482422,61.41191864013672,2074900
2015-06-16,61.560001373291016,62.93000030517578,61.560001373291016,62.86000061035156,62.6986083984375,2637100
2015-06-17,63.06999969482422,64.6500015258789,63.040000915527344,64.4800033569336,64.314453125,3290400
2015-06-18,64.44000244140625,65.66999816894531,64.1500015258789,65.2699966430664,65.10240936279297,3939000
2015-06-19,65.2699966430664,66.33000183105469,64.66000366210938,65.94999694824219,65.78067016601562,4141900
2015-06-22,66.19999694824219,67.12000274658203,66.01000213623047,66.62000274658203,66.44895935058594,2591700
2015-06-23,66.80000305175781,67.48999786376953,66.1500015258789,66.58000183105469,66.4090576171875,2514100
2015-06-24,67.7300033569336,68.25,67.05999755859375,67.68000030517578,67.50623321533203,3317800
2015-06-25,67.94000244140625,68.2699966430664,67.43000030517578,67.44999694824219,67.27681732177734,2107800
2015-06-26,67.5199966430664,68.0,66.88999938964844,67.62999725341797,67.45635986328125,4895400
2015-06-29,66.7699966430664,67.37999725341797,66.08000183105469,66.22000122070312,66.04998016357422,1955900
2015-06-30,66.5999984741211,66.9800033569336,66.18000030517578,66.5,66.32926177978516,3140100
2015-07-01,67.37000274658203,68.22000122070312,67.08999633789062,68.0,67.82540893554688,2618800
2015-07-02,68.4800033569336,68.4800033569336,67.22000122070312,67.80000305175781,67.62592315673828,1657900
2015-07-06,67.13999938964844,68.30000305175781,67.12000274658203,68.01000213623047,67.83538818359375,3583100
2015-07-07,69.05999755859375,69.94999694824219,67.95999908447266,69.88999938964844,69.71056365966797,4895500
2015-07-08,69.58000183105469,69.94000244140625,68.81999969482422,69.0,68.82284545898438,4506100
2015-07-09,69.88999938964844,70.94000244140625,69.68000030517578,70.5,70.3189926147461,4400000
2015-07-10,71.25,72.5,70.80999755859375,72.06999969482422,71.88495635986328,3838700
2015-07-13,72.41000366210938,73.8499984741211,72.41000366210938,73.54000091552734,73.35118865966797,3613000
2015-07-14,73.55999755859375,73.5999984741211,72.02999877929688,72.25,72.06449890136719,6261300
2015-07-15,72.5199966430664,72.98999786376953,72.33000183105469,72.5,72.31385040283203,4733600
2015-07-16,72.80000305175781,73.2300033569336,72.4000015258789,72.97000122070312,72.78264617919922,4419000
2015-07-17,72.94999694824219,73.55000305175781,72.38999938964844,73.47000122070312,73.28136444091797,3745200
2015-07-20,74.4800033569336,74.91999816894531,73.61000061035156,74.79000091552734,74.59797668457031,2703400
2015-07-21,75.04000091552734,75.0999984741211,73.33999633789062,73.68000030517578,73.49082946777344,2453700
2015-07-22,73.63999938964844,73.83999633789062,71.88999938964844,72.91999816894531,72.73277282714844,5244800
2015-07-23,73.31999969482422,73.58000183105469,71.76000213623047,71.80999755859375,71.62562561035156,3533700
2015-07-24,71.80999755859375,72.51000213623047,71.23999786376953,72.29000091552734,72.1043930053711,4286000
2015-07-27,72.43000030517578,72.83999633789062,70.95999908447266,71.22000122070312,71.03714752197266,3422600
2015-07-28,72.0199966430664,72.48999786376953,71.1500015258789,71.80000305175781,71.61566162109375,3383700
2015-07-29,71.91000366210938,72.5,71.08999633789062,72.18000030517578,71.99467468261719,2676500
2015-07-30,72.01000213623047,72.6500015258789,71.02999877929688,72.30000305175781,72.11437225341797,3790100
2015-07-31,71.02999877929688,72.7300033569336,70.5,71.55000305175781,71.36629486083984,5699000
2015-08-03,71.27999877929688,71.91999816894531,70.13999938964844,70.97000122070312,70.78778076171875,3850200
2015-08-04,70.69999694824219,71.94000244140625,70.69999694824219,71.80000305175781,71.61566162109375,2748500
2015-08-05,72.37000274658203,75.76000213623047,72.25,75.16000366210938,74.96702575683594,5833000
2015-08-06,75.0,75.6500015258789,73.5,74.01000213623047,73.81998443603516,4591900
2015-08-07,73.76000213623047,73.94000244140625,72.41999816894531,73.36000061035156,73.17164611816406,3081100
2015-08-10,74.19999694824219,74.83000183105469,73.69999694824219,73.97000122070312,73.78008270263672,2849900
2015-08-11,73.48999786376953,73.87999725341797,72.86000061035156,73.81999969482422,73.63046264648438,2459700
2015-08-12,73.19000244140625,73.93000030517578,71.69999694824219,73.72000122070312,73.53073120117188,2866100
2015-08-13,73.55000305175781,74.12000274658203,73.02999877929688,73.37999725341797,73.19159698486328,1990700
2015-08-14,73.41999816894531,73.76000213623047,72.72000122070312,72.81999969482422,72.63304138183594,2181500
2015-08-17,72.83999633789062,73.9000015258789,72.23999786376953,73.69999694824219,73.51077270507812,2648900
2015-08-18,74.11000061035156,74.5,73.18000030517578,73.8499984741211,73.66039276123047,2816000
2015-08-19,73.55000305175781,73.72000122070312,71.41000366210938,71.61000061035156,71.4261474609375,3176400
2015-08-20,70.9000015258789,71.48999786376953,67.61000061035156,67.70999908447266,67.5361557006836,5037200
2015-08-21,65.26000213623047,67.23999786376953,64.01000213623047,65.52999877929688,65.36174774169922,5396800
2015-08-24,60.25,65.44000244140625,59.470001220703125,63.70000076293945,63.53645324707031,6606300
2015-08-25,65.9000015258789,66.27999877929688,63.470001220703125,63.540000915527344,63.376861572265625,5778700
2015-08-26,65.5,66.4800033569336,63.65999984741211,66.33999633789062,66.16967010498047,4342400
2015-08-27,67.1500015258789,67.63999938964844,65.5,67.16000366210938,66.9875717163086,2922100
2015-08-28,66.62000274658203,68.47000122070312,66.51000213623047,67.91000366210938,67.73564147949219,2978400
2015-08-31,67.0999984741211,67.9000015258789,65.9800033569336,66.1500015258789,65.98016357421875,3049500
2015-09-01,64.38999938964844,65.73999786376953,63.029998779296875,63.43000030517578,63.26714324951172,5043700
2015-09-02,64.43000030517578,65.12000274658203,63.970001220703125,64.66999816894531,64.50395965576172,3804900
2015-09-03,65.29000091552734,66.5,65.02999877929688,65.79000091552734,65.62108612060547,3482300
2015-09-04,64.83999633789062,66.58000183105469,64.44000244140625,66.37000274658203,66.19960021972656,3601000
2015-09-08,67.55000305175781,68.61000061035156,67.0,68.5,68.32412719726562,3205700
2015-09-09,69.54000091552734,70.16999816894531,67.56999969482422,67.77999877929688,67.6059799194336,2357500
2015-09-10,67.54000091552734,69.44000244140625,67.54000091552734,68.73999786376953,68.56350708007812,2087400
2015-09-11,68.2300033569336,68.97000122070312,67.83000183105469,68.91000366210938,68.73307800292969,1681600
2015-09-14,68.86000061035156,69.05000305175781,68.12999725341797,68.3499984741211,68.17450714111328,1682800
2015-09-15,68.38999938964844,69.66000366210938,68.30999755859375,69.37999725341797,69.20186614990234,1729000
2015-09-16,69.70999908447266,70.41999816894531,69.08999633789062,70.27999877929688,70.09955596923828,2184200
2015-09-17,70.22000122070312,71.98999786376953,69.87000274658203,71.05999755859375,70.87755584716797,2263900
2015-09-18,70.3499984741211,71.22000122070312,69.75,70.06999969482422,69.89009094238281,3503100
2015-09-21,70.41000366210938,71.61000061035156,70.05999755859375,70.58000183105469,70.39878845214844,2078200
2015-09-22,69.55000305175781,70.2699966430664,68.22000122070312,68.69000244140625,68.51364135742188,2412500
2015-09-23,68.8499984741211,69.77999877929688,68.58999633789062,69.45999908447266,69.28166198730469,2862100
2015-09-24,68.86000061035156,69.27999877929688,67.66999816894531,68.80999755859375,68.63333129882812,2113400
2015-09-25,69.97000122070312,70.83000183105469,68.97000122070312,69.48999786376953,69.31157684326172,2800400
2015-09-28,68.94999694824219,69.22000122070312,65.94999694824219,66.45999908447266,66.28936767578125,2622300
2015-09-29,67.0,67.36000061035156,65.55000305175781,66.0,65.8305435180664,2251900
2015-09-30,66.80999755859375,67.87000274658203,66.48999786376953,67.75,67.5760498046875,2394000
2015-10-01,68.04000091552734,68.04000091552734,66.44000244140625,67.19999694824219,67.0274658203125,2915900
2015-10-02,66.36000061035156,66.5,64.83999633789062,66.48999786376953,66.31929016113281,3047600
2015-10-05,67.33000183105469,68.0999984741211,66.97000122070312,67.58999633789062,67.41645812988281,2736900
2015-10-06,67.41000366210938,68.08999633789062,66.33999633789062,66.55000305175781,66.37913513183594,1772300
2015-10-07,66.55999755859375,66.83999633789062,65.19000244140625,66.11000061035156,65.94026184082031,3694100
2015-10-08,65.9000015258789,66.0999984741211,64.69999694824219,65.80000305175781,65.63106536865234,2459600
2015-10-09,65.58999633789062,65.63999938964844,64.54000091552734,65.04000091552734,64.87301635742188,4272200
2015-10-12,65.12999725341797,68.25,64.6500015258789,68.11000061035156,67.93512725830078,4131800
2015-10-13,68.0,69.1500015258789,67.33999633789062,68.41999816894531,68.24433135986328,3374800
2015-10-14,68.37999725341797,71.30000305175781,68.08999633789062,70.56999969482422,70.38880920410156,4007000
2015-10-15,71.0199966430664,71.48999786376953,70.18000030517578,70.97000122070312,70.78778076171875,2690800
2015-10-16,70.77999877929688,71.77999877929688,70.26000213623047,71.70999908447266,71.52588653564453,2872100
2015-10-19,71.9000015258789,73.54000091552734,71.51000213623047,72.29000091552734,72.1043930053711,3500000
2015-10-20,72.5999984741211,73.08999633789062,71.30000305175781,72.30000305175781,72.11437225341797,2169400
2015-10-21,72.68000030517578,73.44000244140625,72.0,72.79000091552734,72.60311126708984,2332400
2015-10-22,73.0999984741211,74.8499984741211,73.0199966430664,74.54000091552734,74.34862518310547,2980900
2015-10-23,75.0,75.48999786376953,74.44000244140625,74.91999816894531,74.7276382446289,3279000
2015-10-26,75.0,75.43000030517578,73.76000213623047,74.08000183105469,73.88980102539062,2476000
2015-10-27,73.91000366210938,75.58000183105469,73.69999694824219,75.2699966430664,75.07673645019531,2693600
2015-10-28,76.0,76.80000305175781,75.06999969482422,76.7699966430664,76.57289123535156,3323800
2015-10-29,76.5,76.91999816894531,75.36000061035156,76.05999755859375,75.86470794677734,3248000
2015-10-30,75.0,75.5999984741211,70.62999725341797,72.06999969482422,71.88495635986328,11133200
2015-11-02,72.5999984741211,74.88999938964844,71.87999725341797,72.0,71.81513977050781,4709900
2015-11-03,71.81999969482422,72.73999786376953,70.33999633789062,71.9000015258789,71.71540069580078,4237400
2015-11-04,71.93000030517578,74.31999969482422,71.7300033569336,74.29000091552734,74.09925842285156,3574100
2015-11-05,74.75,74.93000030517578,73.12000274658203,74.05999755859375,73.8698501586914,2057100
2015-11-06,73.83000183105469,74.19000244140625,72.23999786376953,72.37999725341797,72.19416046142578,3192400
2015-11-09,72.37000274658203,72.37999725341797,70.16000366210938,70.94000244140625,70.75786590576172,3036100
2015-11-10,70.5999984741211,70.94000244140625,69.8499984741211,70.83000183105469,70.64814758300781,2150500
2015-11-11,70.79000091552734,71.69999694824219,69.87000274658203,71.30000305175781,71.116943359375,2307200
2015-11-12,71.36000061035156,72.69999694824219,70.54000091552734,71.66000366210938,71.47602081298828,3083100
2015-11-13,71.30999755859375,72.04000091552734,69.83999633789062,69.88999938964844,69.71056365966797,3557400
2015-11-16,69.9800033569336,70.16000366210938,66.68000030517578,67.98999786376953,67.81543731689453,6314500
2015-11-17,65.08000183105469,69.05999755859375,64.91000366210938,68.0999984741211,67.92515563964844,5890600
2015-11-18,68.16000366210938,68.5999984741211,66.83999633789062,68.41999816894531,68.24433135986328,3259900
2015-11-19,68.94999694824219,71.2699966430664,68.23999786376953,71.08000183105469,70.89750671386719,4413900
2015-11-20,71.44000244140625,72.77999877929688,70.13999938964844,72.41999816894531,72.23405456542969,4295800
2015-11-23,72.63999938964844,73.86000061035156,67.5999984741211,68.9800033569336,68.80289459228516,11898700
2015-11-24,68.43000030517578,68.69000244140625,66.91000366210938,67.05999755859375,66.8878173828125,5144400
2015-11-25,67.30000305175781,69.80000305175781,66.69999694824219,69.51000213623047,69.33153533935547,3600700
2015-11-27,69.62999725341797,70.55000305175781,68.45999908447266,68.87999725341797,68.7031478881836,1485500
2015-11-30,69.19000244140625,69.63999938964844,67.58000183105469,67.79000091552734,67.61595153808594,5245300
2015-12-01,68.04000091552734,69.29000091552734,67.4000015258789,68.62999725341797,68.45378875732422,3703000
2015-12-02,69.01000213623047,69.55000305175781,68.58999633789062,69.33999633789062,69.16197204589844,4953200
2015-12-03,69.54000091552734,70.44999694824219,66.93000030517578,67.22000122070312,67.04740905761719,3862100
2015-12-04,68.37999725341797,70.66999816894531,68.37999725341797,70.37999725341797,70.19929504394531,3897100
2015-12-07,70.73999786376953,71.94000244140625,70.3499984741211,70.79000091552734,70.6082534790039,3654800
2015-12-08,70.4000015258789,71.16999816894531,69.94999694824219,70.98999786376953,70.80773162841797,4446600
2015-12-09,70.75,70.98999786376953,66.62000274658203,67.08999633789062,66.91773986816406,8308200
2015-12-10,67.51000213623047,67.88999938964844,66.08000183105469,66.37000274658203,66.19960021972656,3396400
2015-12-11,67.48999786376953,69.6500015258789,66.70999908447266,67.16999816894531,66.9975357055664,6058300
2015-12-14,67.3499984741211,69.9800033569336,67.3499984741211,69.66000366210938,69.48115539550781,4634100
2015-12-15,70.5199966430664,73.58999633789062,69.8499984741211,72.33000183105469,72.14429473876953,6754300
2015-12-16,73.06999969482422,73.4800033569336,69.33000183105469,72.04000091552734,71.85504150390625,4829000
2015-12-17,72.20999908447266,72.72000122070312,71.0999984741211,71.12000274658203,70.9374008178711,3037800
2015-12-18,70.62999725341797,71.12000274658203,68.94000244140625,68.9800033569336,68.80289459228516,4941800
2015-12-21,69.44000244140625,69.88999938964844,67.4000015258789,68.70999908447266,68.53358459472656,2873100
2015-12-22,69.30000305175781,69.44999694824219,68.31999969482422,69.06999969482422,68.89266204833984,1650800
2015-12-23,69.5,69.7699966430664,67.80000305175781,68.63999938964844,68.4637680053711,2424700
2015-12-24,68.69000244140625,69.30000305175781,67.73999786376953,68.94999694824219,68.7729721069336,1019900
2015-12-28,68.58999633789062,69.20999908447266,68.05000305175781,69.19000244140625,69.01235961914062,1149000
2015-12-29,69.5,70.23999786376953,69.19999694824219,69.8499984741211,69.67066192626953,1467000
2015-12-30,69.88999938964844,70.36000061035156,69.54000091552734,69.6500015258789,69.47117614746094,1430800
2015-12-31,69.44000244140625,69.66999816894531,68.70999908447266,68.72000122070312,68.54356384277344,1144000
2016-01-04,67.18000030517578,67.56999969482422,65.0999984741211,66.0999984741211,65.93029022216797,4053000
2016-01-05,66.0999984741211,66.81999969482422,64.83999633789062,64.94000244140625,64.77326965332031,3304600
2016-01-06,63.61000061035156,64.29000091552734,62.560001373291016,63.68000030517578,63.516502380371094,3764500
2016-01-07,62.31999969482422,64.70999908447266,61.54999923706055,62.459999084472656,62.29963302612305,4369300
2016-01-08,63.209999084472656,65.01000213623047,62.95000076293945,63.130001068115234,62.96791458129883,3909700
2016-01-11,63.38999938964844,64.80999755859375,63.25,64.20999908447266,64.04513549804688,3742200
2016-01-12,64.66000366210938,66.08999633789062,64.63999938964844,65.62000274658203,65.45152282714844,3469400
2016-01-13,66.26000213623047,66.58999633789062,63.18000030517578,63.380001068115234,63.2172737121582,3957400
2016-01-14,63.29999923706055,64.95999908447266,61.5,64.4800033569336,64.314453125,4446600
2016-01-15,64.33999633789062,66.70999908447266,63.5099983215332,66.05999755859375,65.89038848876953,8580700
2016-01-19,66.83999633789062,68.23999786376953,66.41999816894531,67.37000274658203,67.19702911376953,5040300
2016-01-20,66.19999694824219,67.69000244140625,65.04000091552734,66.8499984741211,66.67835998535156,4663500
2016-01-21,67.19000244140625,67.55999755859375,65.79000091552734,67.02999877929688,66.85790252685547,3894400
2016-01-22,68.0,69.4000015258789,67.30000305175781,69.36000061035156,69.18191528320312,3969300
2016-01-25,69.29000091552734,70.48999786376953,68.76000213623047,69.91999816894531,69.740478515625,5422500
2016-01-26,69.9000015258789,71.48999786376953,69.61000061035156,70.83000183105469,70.64814758300781,5543000
2016-01-27,70.88999938964844,71.3499984741211,69.26000213623047,69.48999786376953,69.31157684326172,4291000
2016-01-28,70.69999694824219,71.02999877929688,68.72000122070312,69.79000091552734,69.6108169555664,5967200
2016-01-29,67.44000244140625,67.4800033569336,62.79999923706055,64.55000305175781,64.38426971435547,17918900
2016-02-01,64.16999816894531,65.44000244140625,63.310001373291016,64.19999694824219,64.03516387939453,6740000
2016-02-02,63.869998931884766,63.9900016784668,60.130001068115234,60.65999984741211,60.50425720214844,7815800
2016-02-03,61.77000045776367,61.91999816894531,58.72999954223633,59.61000061035156,59.45695114135742,9419400
2016-02-04,59.439998626708984,59.86000061035156,57.52000045776367,58.72999954223633,58.57920837402344,8686800
2016-02-05,58.369998931884766,58.56999969482422,54.849998474121094,55.5,55.35750198364258,7717600
2016-02-08,54.38999938964844,56.56999969482422,53.0099983215332,56.31999969482422,56.17539978027344,8224100
2016-02-09,56.2599983215332,59.189998626708984,55.81999969482422,58.25,58.10044479370117,9007900
2016-02-10,59.34000015258789,60.06999969482422,58.65999984741211,58.97999954223633,58.82856750488281,4990600
2016-02-11,57.959999084472656,59.11000061035156,57.7599983215332,58.189998626708984,58.04059600830078,6672900
2016-02-12,58.04999923706055,59.369998931884766,57.31999969482422,59.25,59.097877502441406,5256100
2016-02-16,59.83000183105469,60.0,58.880001068115234,59.36000061035156,59.20759582519531,3909400
2016-02-17,60.25,60.540000915527344,58.810001373291016,59.84000015258789,59.68635940551758,4962600
2016-02-18,59.56999969482422,59.91999816894531,58.22999954223633,58.349998474121094,58.2001838684082,5122700
2016-02-19,58.34000015258789,59.900001525878906,58.099998474121094,59.56999969482422,59.41705322265625,5700800
2016-02-22,60.06999969482422,63.310001373291016,59.970001220703125,63.27000045776367,63.1075553894043,6881900
2016-02-23,63.0,63.33000183105469,61.459999084472656,61.52000045776367,61.3620491027832,4817100
2016-02-24,60.91999816894531,63.47999954223633,60.709999084472656,63.20000076293945,63.03773498535156,4455700
2016-02-25,63.54999923706055,64.72000122070312,63.34000015258789,64.68000030517578,64.51393127441406,4277300
2016-02-26,64.80999755859375,65.11000061035156,63.77000045776367,64.44999694824219,64.2845230102539,3260200
2016-02-29,63.970001220703125,65.25,63.970001220703125,64.23999786376953,64.07505798339844,3436600
2016-03-01,64.44999694824219,65.69000244140625,64.26000213623047,65.4800033569336,65.31188201904297,3437100
2016-03-02,65.18000030517578,66.25,64.62999725341797,66.08999633789062,65.9203109741211,3354600
2016-03-03,65.80000305175781,66.01000213623047,64.18000030517578,64.80000305175781,64.63362884521484,3946600
2016-03-04,64.41000366210938,64.86000061035156,63.08000183105469,64.43000030517578,64.26457977294922,3704300
2016-03-07,63.88999938964844,64.43000030517578,62.90999984741211,63.59000015258789,63.426734924316406,2840900
2016-03-08,63.04999923706055,64.18000030517578,62.599998474121094,62.959999084472656,62.7983512878418,3570600
2016-03-09,63.189998626708984,64.04000091552734,62.7400016784668,63.91999816894531,63.75588607788086,3124000
2016-03-10,64.1500015258789,64.41999816894531,62.58000183105469,63.5,63.33696365356445,3274100
2016-03-11,63.83000183105469,64.6500015258789,63.529998779296875,64.47000122070312,64.30447387695312,2586300
2016-03-14,63.810001373291016,65.30999755859375,63.810001373291016,64.79000091552734,64.62364959716797,1858500
2016-03-15,64.19000244140625,65.9000015258789,64.19000244140625,65.72000122070312,65.55126953125,2475900
2016-03-16,65.62999725341797,66.16999816894531,64.56999969482422,66.0,65.8305435180664,2210600
2016-03-17,65.08999633789062,65.75,63.2400016784668,64.66999816894531,64.50395965576172,4905000
2016-03-18,64.9000015258789,65.31999969482422,63.81999969482422,64.31999969482422,64.15485382080078,4186100
2016-03-21,64.05000305175781,64.4000015258789,63.5099983215332,63.939998626708984,63.77583312988281,2437100
2016-03-22,63.70000076293945,64.27999877929688,63.27000045776367,63.869998931884766,63.70601272583008,2842700
2016-03-23,63.900001525878906,65.5,63.58000183105469,65.05000305175781,64.88298797607422,3352400
2016-03-24,64.5999984741211,65.7300033569336,64.06999969482422,64.23999786376953,64.07505798339844,3087800
2016-03-28,64.12999725341797,65.0199966430664,63.599998474121094,64.63999938964844,64.47403717041016,2305600
2016-03-29,64.51000213623047,66.37999725341797,64.44000244140625,66.02999877929688,65.86046600341797,3287500
2016-03-30,66.7300033569336,67.16000366210938,66.27999877929688,66.41000366210938,66.239501953125,2458300
2016-03-31,66.33000183105469,67.0999984741211,65.69999694824219,66.11000061035156,65.94026184082031,2265000
2016-04-01,65.36000061035156,66.12000274658203,65.12999725341797,65.91999816894531,65.75074768066406,2160500
2016-04-04,66.0,66.48999786376953,65.37999725341797,65.73999786376953,65.57121276855469,2029600
2016-04-05,65.0999984741211,65.95999908447266,65.05000305175781,65.44999694824219,65.28195190429688,2281800
2016-04-06,65.66999816894531,66.06999969482422,65.25,65.83000183105469,65.6609878540039,1652900
2016-04-07,65.69999694824219,65.91000366210938,63.66999816894531,63.93000030517578,63.7658576965332,2921700
2016-04-08,64.12000274658203,64.69999694824219,63.279998779296875,64.23999786376953,64.07505798339844,2352000
2016-04-11,64.38999938964844,64.4000015258789,63.119998931884766,63.15999984741211,62.99783706665039,1862900
2016-04-12,63.13999938964844,63.150001525878906,61.900001525878906,62.959999084472656,62.7983512878418,2960800
2016-04-13,63.040000915527344,65.02999877929688,62.90999984741211,64.7699966430664,64.60370635986328,3106700
2016-04-14,64.8499984741211,65.23999786376953,64.43000030517578,64.94000244140625,64.77326965332031,2100600
2016-04-15,65.13999938964844,66.97000122070312,64.45999908447266,66.83999633789062,66.66838836669922,4647400
2016-04-18,66.27999877929688,66.55999755859375,65.45999908447266,66.5199966430664,66.34920501708984,2847200
2016-04-19,66.58999633789062,66.73999786376953,65.33000183105469,66.19000244140625,66.02005767822266,1903500
2016-04-20,66.5999984741211,66.73999786376953,65.69999694824219,65.80000305175781,65.63106536865234,1804400
2016-04-21,65.83000183105469,66.33000183105469,65.2300033569336,66.18000030517578,66.01008605957031,1741700
2016-04-22,65.9000015258789,66.8499984741211,65.31999969482422,65.87000274658203,65.70088195800781,2606400
2016-04-25,65.43000030517578,66.0,65.41999816894531,65.93000030517578,65.7607192993164,1153300
2016-04-26,65.97000122070312,66.29000091552734,65.16999816894531,65.33000183105469,65.16226959228516,1516800
2016-04-27,65.12999725341797,65.41999816894531,62.349998474121094,63.349998474121094,63.187347412109375,5537400
2016-04-28,63.119998931884766,64.0199966430664,61.90999984741211,62.31999969482422,62.15999221801758,4233500
2016-04-29,61.810001373291016,62.41999816894531,61.22999954223633,61.849998474121094,61.691200256347656,3729200
2016-05-02,62.0,63.119998931884766,61.70000076293945,62.88999938964844,62.72853088378906,3360400
2016-05-03,62.61000061035156,63.22999954223633,62.02000045776367,62.08000183105469,61.92061233520508,3230100
2016-05-04,61.7400016784668,62.47999954223633,61.099998474121094,61.880001068115234,61.721126556396484,3212800
2016-05-05,62.279998779296875,62.7599983215332,61.18000030517578,62.2400016784668,62.0802001953125,4874100
2016-05-06,62.189998626708984,63.9900016784668,61.9900016784668,63.939998626708984,63.77583312988281,3362800
2016-05-09,64.18000030517578,65.04000091552734,64.01000213623047,64.5199966430664,64.35433959960938,3044600
2016-05-10,65.0,65.0999984741211,63.72999954223633,64.54000091552734,64.37429809570312,7604400
2016-05-11,70.43000030517578,74.91999816894531,70.23999786376953,73.37999725341797,73.19159698486328,21901700
2016-05-12,73.62999725341797,76.23999786376953,73.38999938964844,75.01000213623047,74.81742095947266,8201300
2016-05-13,74.7300033569336,76.08999633789062,74.66000366210938,75.19999694824219,75.00691986083984,4189100
2016-05-16,75.06999969482422,77.1500015258789,74.80999755859375,76.62000274658203,76.42328643798828,4329200
2016-05-17,75.72000122070312,76.5999984741211,74.52999877929688,75.13999938964844,74.94707489013672,5105100
2016-05-18,74.69999694824219,74.87000274658203,73.26000213623047,74.48999786376953,74.29874420166016,4432500
2016-05-19,74.22000122070312,74.22000122070312,72.94000244140625,73.5,73.31128692626953,3236700
2016-05-20,73.4800033569336,74.01000213623047,72.93000030517578,73.11000061035156,72.92229461669922,3772500
2016-05-23,73.38999938964844,73.88999938964844,72.41000366210938,73.23999786376953,73.05194854736328,3248300
2016-05-24,73.68000030517578,75.66000366210938,73.25,75.3499984741211,75.15653228759766,3781500
2016-05-25,75.38999938964844,75.83000183105469,74.83999633789062,74.94000244140625,74.74759674072266,2002500
2016-05-26,74.62999725341797,75.43000030517578,73.91999816894531,75.11000061035156,74.91715240478516,1853200
2016-05-27,75.33000183105469,76.45999908447266,75.33000183105469,75.69999694824219,75.5056381225586,2311200
2016-05-31,75.9800033569336,76.81999969482422,75.69999694824219,76.75,76.55294036865234,4700100
2016-06-01,76.80999755859375,77.37999725341797,76.19999694824219,76.62000274658203,76.42328643798828,3260500
2016-06-02,76.72000122070312,76.94000244140625,76.0999984741211,76.58000183105469,76.38338470458984,2062400
2016-06-03,76.69999694824219,76.69999694824219,75.43000030517578,76.36000061035156,76.16394805908203,1863900
2016-06-06,76.37000274658203,76.95999908447266,75.19999694824219,76.48999786376953,76.29360961914062,2816800
2016-06-07,76.86000061035156,78.08999633789062,76.76000213623047,77.25,77.0516586303711,4215200
2016-06-08,77.05999755859375,77.19000244140625,76.01000213623047,76.27999877929688,76.08415222167969,2527100
2016-06-09,75.58999633789062,76.79000091552734,75.5199966430664,76.25,76.05422973632812,3055400
2016-06-10,75.41000366210938,76.23999786376953,74.80999755859375,75.27999877929688,75.08672332763672,3025100
2016-06-13,74.88999938964844,75.43000030517578,73.80000305175781,74.23999786376953,74.04938507080078,3680300
2016-06-14,74.13999938964844,74.77999877929688,73.3499984741211,74.5199966430664,74.32866668701172,2017000
2016-06-15,74.55999755859375,75.2300033569336,74.04000091552734,74.38999938964844,74.19900512695312,2409900
2016-06-16,73.98999786376953,75.08000183105469,73.56999969482422,75.0,74.80743408203125,2868800
2016-06-17,75.16000366210938,75.16000366210938,73.58000183105469,74.5199966430664,74.32866668701172,4220600
2016-06-20,74.69000244140625,76.33999633789062,74.12000274658203,75.30999755859375,75.11663818359375,2947600
2016-06-21,75.25,76.06999969482422,75.06999969482422,75.51000213623047,75.31613159179688,2072300
2016-06-22,75.20999908447266,75.52999877929688,74.69000244140625,74.80000305175781,74.60795593261719,2039300
2016-06-23,75.62000274658203,76.18000030517578,74.8499984741211,76.05000305175781,75.85474395751953,2333500
2016-06-24,73.63999938964844,74.7699966430664,72.91000366210938,73.20999908447266,73.02203369140625,4622500
2016-06-27,73.01000213623047,73.05999755859375,71.01000213623047,71.5,71.3164291381836,3631900
2016-06-28,71.98999786376953,72.6500015258789,71.36000061035156,72.5999984741211,72.4135971069336,2743800
2016-06-29,72.9000015258789,74.0,72.80999755859375,73.73999786376953,73.55066680908203,2120300
2016-06-30,73.87000274658203,76.11000061035156,73.2300033569336,75.76000213623047,75.56549072265625,3371100
2016-07-01,75.75,76.56999969482422,75.44999694824219,75.87000274658203,75.67520904541016,1892500
2016-07-05,75.77999877929688,76.41999816894531,75.27999877929688,75.88999938964844,75.69515228271484,1688200
2016-07-06,75.41999816894531,77.1500015258789,75.01000213623047,76.73999786376953,76.54296875,2274900
2016-07-07,76.55999755859375,76.83000183105469,76.0199966430664,76.62000274658203,76.42328643798828,1516600
2016-07-08,77.31999969482422,78.5,77.01000213623047,78.26000213623047,78.05907440185547,3263000
2016-07-11,78.27999877929688,79.55999755859375,78.27999877929688,79.16999816894531,78.96672821044922,2983300
2016-07-12,79.27999877929688,79.98999786376953,78.5999984741211,79.51000213623047,79.30586242675781,2722600
2016-07-13,79.93000030517578,79.93000030517578,77.61000061035156,77.62000274658203,77.42070770263672,2426500
2016-07-14,77.88999938964844,78.30000305175781,76.97000122070312,78.05000305175781,77.849609375,3203400
2016-07-15,78.44000244140625,78.7300033569336,77.5999984741211,77.83000183105469,77.63017272949219,2702500
2016-07-18,78.12999725341797,78.86000061035156,77.72000122070312,78.26000213623047,78.05907440185547,2185500
2016-07-19,77.98999786376953,78.11000061035156,76.22000122070312,76.5,76.3035888671875,5143300
2016-07-20,77.22000122070312,78.22000122070312,76.44000244140625,76.69999694824219,76.5030746459961,5482000
2016-07-21,76.44000244140625,76.93000030517578,74.31999969482422,75.37999725341797,75.18646240234375,8602700
2016-07-22,75.87999725341797,76.68000030517578,74.94999694824219,76.33000183105469,76.13402557373047,5822000
2016-07-25,76.04000091552734,76.91000366210938,75.7300033569336,76.9000015258789,76.70256042480469,3416500
2016-07-26,76.91999816894531,77.3499984741211,76.20999908447266,76.83999633789062,76.64270782470703,2111900
2016-07-27,77.22000122070312,77.37000274658203,76.56999969482422,76.66999816894531,76.47314453125,2319900
2016-07-28,76.61000061035156,76.72000122070312,76.0,76.27999877929688,76.08415222167969,1268200
2016-07-29,76.4800033569336,76.52999877929688,75.77999877929688,76.31999969482422,76.1240463256836,2911100
2016-08-01,76.2300033569336,76.81999969482422,76.11000061035156,76.62999725341797,76.4332504272461,3756300
2016-08-02,76.58000183105469,76.94000244140625,75.75,76.77999877929688,76.58287048339844,5942400
2016-08-03,76.66000366210938,78.9800033569336,75.16999816894531,78.62999725341797,78.42811584472656,10446400
2016-08-04,78.36000061035156,78.72000122070312,77.88999938964844,78.2300033569336,78.0291519165039,4543900
2016-08-05,78.94000244140625,79.98999786376953,78.43000030517578,79.83999633789062,79.635009765625,4294000
2016-08-08,79.8499984741211,79.98999786376953,79.16999816894531,79.2699966430664,79.06647491455078,2917700
2016-08-09,79.01000213623047,79.36000061035156,78.62999725341797,78.69000244140625,78.48796844482422,1980500
2016-08-10,78.54000091552734,79.0999984741211,78.26000213623047,78.56999969482422,78.36827087402344,1431700
2016-08-11,78.8499984741211,79.16000366210938,77.83999633789062,77.8499984741211,77.65011596679688,3212600
2016-08-12,78.0,78.4000015258789,77.02999877929688,77.43000030517578,77.231201171875,2028200
2016-08-15,77.58999633789062,79.55999755859375,77.33000183105469,79.4800033569336,79.27593994140625,3225600
2016-08-16,78.77999877929688,78.88999938964844,77.81999969482422,78.05000305175781,77.849609375,2969600
2016-08-17,78.0,79.86000061035156,77.80999755859375,79.7699966430664,79.565185546875,3552800
2016-08-18,79.80000305175781,81.80000305175781,79.62999725341797,80.9800033569336,80.77208709716797,4741900
2016-08-19,80.94999694824219,81.88999938964844,80.80000305175781,81.76000213623047,81.55007934570312,3238700
2016-08-22,81.06999969482422,81.81999969482422,81.04000091552734,81.48999786376953,81.28076934814453,3218900
2016-08-23,81.9800033569336,82.62000274658203,81.48999786376953,82.30999755859375,82.09866333007812,4603800
2016-08-24,82.30999755859375,82.62999725341797,81.94999694824219,82.41999816894531,82.20838165283203,3310900
2016-08-25,82.0199966430664,82.19999694824219,80.95999908447266,81.55000305175781,81.34062194824219,3304400
2016-08-26,81.19999694824219,81.51000213623047,80.0199966430664,81.20999908447266,81.00149536132812,3037800
2016-08-29,81.0999984741211,81.95999908447266,80.63999938964844,81.51000213623047,81.30072784423828,1975900
2016-08-30,82.4000015258789,82.4000015258789,81.4800033569336,81.7300033569336,81.52015686035156,1711500
2016-08-31,81.37000274658203,81.68000030517578,81.02999877929688,81.2300033569336,81.02144622802734,2077500
2016-09-01,81.5199966430664,81.98999786376953,81.02999877929688,81.76000213623047,81.55007934570312,1813900
2016-09-02,82.30000305175781,84.18000030517578,82.16000366210938,83.45999908447266,83.24571990966797,3524700
2016-09-06,83.30000305175781,84.44999694824219,83.30000305175781,83.87000274658203,83.6546630859375,2648500
2016-09-07,83.76000213623047,84.2699966430664,82.54000091552734,82.75,82.53754425048828,3050100
2016-09-08,82.63999938964844,82.63999938964844,81.58000183105469,82.16000366210938,81.94905853271484,3188500
2016-09-09,81.41999816894531,81.79000091552734,79.83999633789062,79.86000061035156,79.65496063232422,2212500
2016-09-12,79.7300033569336,80.91999816894531,79.51000213623047,80.83999633789062,80.63243865966797,3371100
2016-09-13,80.61000061035156,81.12000274658203,79.94000244140625,80.87000274658203,80.6623764038086,2710500
2016-09-14,81.13999938964844,81.7699966430664,80.5,80.83000183105469,80.62246704101562,1410400
2016-09-15,80.55999755859375,83.66999816894531,80.55999755859375,83.37000274658203,83.15594482421875,3167500
2016-09-16,83.26000213623047,83.36000061035156,82.16000366210938,82.88999938964844,82.67717742919922,3731900
2016-09-19,83.13999938964844,83.41000366210938,82.45999908447266,82.7699966430664,82.55748748779297,1872800
2016-09-20,82.88999938964844,83.38999938964844,82.62000274658203,82.98999786376953,82.77692413330078,2173000
2016-09-21,83.4800033569336,83.62999725341797,82.26000213623047,83.47000122070312,83.25569152832031,2663300
2016-09-22,84.0999984741211,84.19999694824219,82.76000213623047,83.16999816894531,82.95645904541016,2194300
2016-09-23,84.5,84.5,83.5199966430664,84.26000213623047,84.04366302490234,2644400
2016-09-26,83.66999816894531,84.25,83.22000122070312,83.5,83.28561401367188,1836700
2016-09-27,83.4000015258789,85.52999877929688,83.19000244140625,85.19999694824219,84.98124694824219,2453200
2016-09-28,85.3499984741211,85.5999984741211,84.58000183105469,85.0,84.7817611694336,1794400
2016-09-29,84.93000030517578,85.12999725341797,84.12000274658203,84.26000213623047,84.04366302490234,1324900
2016-09-30,84.3499984741211,85.83000183105469,83.7699966430664,85.4000015258789,85.18073272705078,2860300
2016-10-03,85.22000122070312,86.05000305175781,85.12999725341797,85.41000366210938,85.19071960449219,2047900
2016-10-04,85.93000030517578,86.06999969482422,85.12000274658203,85.55999755859375,85.34031677246094,1724800
2016-10-05,85.55999755859375,85.75,84.97000122070312,85.47000122070312,85.25055694580078,1961700
2016-10-06,85.55000305175781,85.63999938964844,83.86000061035156,84.58000183105469,84.36283874511719,3189300
2016-10-07,85.05999755859375,85.19000244140625,83.44000244140625,83.80999755859375,83.59481811523438,3076700
2016-10-10,84.06999969482422,84.91999816894531,83.8499984741211,84.73999786376953,84.52242279052734,2278100
2016-10-11,84.69999694824219,84.80000305175781,83.1500015258789,83.37000274658203,83.15594482421875,2308800
2016-10-12,85.02999877929688,85.02999877929688,82.16000366210938,82.52999877929688,82.31810760498047,2395200
2016-10-13,82.08999633789062,82.5199966430664,80.77999877929688,81.76000213623047,81.55007934570312,3034000
2016-10-14,82.3499984741211,83.9800033569336,82.3499984741211,82.58999633789062,82.37794494628906,2658300
2016-10-17,82.7699966430664,83.22000122070312,82.16000366210938,82.31999969482422,82.10865020751953,1981900
2016-10-18,83.18000030517578,84.4000015258789,83.11000061035156,84.01000213623047,83.7943115234375,2185200
2016-10-19,84.22000122070312,84.36000061035156,82.62000274658203,82.76000213623047,82.54751586914062,2269200
2016-10-20,82.69999694824219,82.81999969482422,81.5999984741211,82.5199966430664,82.3081283569336,2468400
2016-10-21,82.1500015258789,82.98999786376953,82.0,82.87000274658203,82.65723419189453,2708200
2016-10-24,81.91000366210938,84.37000274658203,81.77999877929688,84.1500015258789,83.93394470214844,3046700
2016-10-25,84.19000244140625,84.79000091552734,82.88999938964844,82.94000244140625,82.72705078125,2822900
2016-10-26,82.94999694824219,84.11000061035156,82.5,82.58000183105469,82.36797332763672,2026000
2016-10-27,83.27999877929688,84.43000030517578,82.58000183105469,82.72000122070312,82.50762176513672,3159900
2016-10-28,80.77999877929688,81.41999816894531,78.55000305175781,79.44999694824219,79.24600982666016,6933800
2016-10-31,79.63999938964844,80.13999938964844,77.43000030517578,78.5199966430664,78.31839752197266,5380700
2016-11-01,78.63999938964844,78.76000213623047,77.18000030517578,77.83999633789062,77.64014434814453,7226300
2016-11-02,78.83000183105469,81.93000030517578,77.86000061035156,79.12000274658203,78.91686248779297,9449900
2016-11-03,79.12000274658203,82.29000091552734,79.12000274658203,80.5199966430664,80.31326293945312,7210600
2016-11-04,79.94999694824219,81.72000122070312,79.02999877929688,80.22000122070312,80.0140380859375,4694600
2016-11-07,81.08999633789062,82.02999877929688,80.33000183105469,81.08000183105469,80.87183380126953,3750900
2016-11-08,81.05999755859375,82.44999694824219,80.68000030517578,81.48999786376953,81.28076934814453,2198200
2016-11-09,78.7300033569336,80.98999786376953,78.44999694824219,79.44000244140625,79.23603820800781,4446900
2016-11-10,79.97000122070312,80.05999755859375,76.19000244140625,76.79000091552734,76.59284210205078,5526900
2016-11-11,75.80000305175781,77.94000244140625,75.52999877929688,77.44999694824219,77.25114440917969,4039300
2016-11-14,77.47000122070312,78.08000183105469,76.13999938964844,76.37999725341797,76.18389129638672,5043100
2016-11-15,77.0,78.41999816894531,77.0,77.62000274658203,77.42070770263672,2639300
2016-11-16,77.5999984741211,78.94000244140625,77.02999877929688,78.83000183105469,78.62760162353516,2454200
2016-11-17,78.76000213623047,80.16999816894531,78.54000091552734,79.62000274658203,79.41558074951172,2642700
2016-11-18,79.80000305175781,80.61000061035156,78.76000213623047,78.98999786376953,78.78718566894531,3180500
2016-11-21,79.06999969482422,79.18000030517578,77.55999755859375,78.26000213623047,78.05907440185547,3061800
2016-11-22,78.5199966430664,78.55999755859375,76.93000030517578,77.75,77.55037689208984,2737200
2016-11-23,77.9000015258789,79.69999694824219,77.7699966430664,79.3499984741211,79.14627075195312,2853600
2016-11-25,79.18000030517578,79.91999816894531,78.54000091552734,79.16999816894531,78.96672821044922,780400
2016-11-28,79.41999816894531,79.55999755859375,78.52999877929688,78.7300033569336,78.52787017822266,2350300
2016-11-29,78.94999694824219,81.69000244140625,78.93000030517578,81.37000274658203,81.16108703613281,3376600
2016-11-30,81.29000091552734,81.37000274658203,79.1500015258789,79.23999786376953,79.03655242919922,3417700
2016-12-01,79.20999908447266,79.27999877929688,75.16999816894531,75.58000183105469,75.38594818115234,4920000
2016-12-02,75.6500015258789,76.47000122070312,73.73999786376953,75.86000061035156,75.66522979736328,4093800
2016-12-05,76.16999816894531,77.83000183105469,75.5,77.44999694824219,77.25114440917969,2501500
2016-12-06,77.62999725341797,78.02999877929688,76.5,76.87000274658203,76.67263793945312,2303700
2016-12-07,76.8499984741211,78.11000061035156,76.41999816894531,77.94999694824219,77.74986267089844,3289700
2016-12-08,78.02999877929688,78.5999984741211,77.4000015258789,77.77999877929688,77.5802993774414,3445700
2016-12-09,77.80999755859375,79.06999969482422,77.80999755859375,78.75,78.54780578613281,2073900
2016-12-12,78.87999725341797,80.62999725341797,78.51000213623047,80.62000274658203,80.41300964355469,3926900
2016-12-13,80.45999908447266,82.5999984741211,80.45999908447266,80.76000213623047,80.55265045166016,3462800
2016-12-14,80.61000061035156,81.68000030517578,79.9800033569336,80.69999694824219,80.4927978515625,2573600
2016-12-15,81.31999969482422,82.62000274658203,80.73999786376953,81.51000213623047,81.30072784423828,3957900
2016-12-16,81.44000244140625,81.5,79.16999816894531,79.51000213623047,79.30586242675781,4088200
2016-12-19,79.30999755859375,80.52999877929688,79.1500015258789,79.5,79.29588317871094,2197500
2016-12-20,79.5999984741211,80.26000213623047,79.26000213623047,79.5,79.29588317871094,2218100
2016-12-21,79.48999786376953,80.18000030517578,79.12999725341797,79.66000366210938,79.45548248291016,2181700
2016-12-22,79.73999786376953,80.1500015258789,79.18000030517578,79.79000091552734,79.58514404296875,1206800
2016-12-23,79.8499984741211,81.12000274658203,79.56999969482422,80.66999816894531,80.46287536621094,2017100
2016-12-27,80.98999786376953,81.76000213623047,80.75,81.08000183105469,80.87183380126953,1246800
2016-12-28,81.06999969482422,81.26000213623047,79.97000122070312,80.37999725341797,80.17362213134766,1314200
2016-12-29,80.52999877929688,81.01000213623047,79.69999694824219,80.16000366210938,79.95419311523438,1470100
2016-12-30,80.55999755859375,80.55999755859375,78.5199966430664,78.76000213623047,78.55779266357422,1815900
2017-01-03,79.5199966430664,79.62000274658203,78.2699966430664,79.16999816894531,78.96672821044922,2187300
2017-01-04,79.38999938964844,81.11000061035156,79.12000274658203,80.62999725341797,80.42298126220703,1852300
2017-01-05,79.9800033569336,80.45999908447266,78.7300033569336,78.95999908447266,78.75727081298828,3295000
2017-01-06,79.11000061035156,79.5199966430664,78.37000274658203,79.01000213623047,78.80714416503906,2017700
2017-01-09,79.19000244140625,79.43000030517578,78.05000305175781,78.63999938964844,78.4380874633789,2332300
2017-01-10,78.48999786376953,79.2300033569336,77.94000244140625,78.8499984741211,78.64755249023438,2328900
2017-01-11,78.80000305175781,79.41999816894531,78.16999816894531,79.0199966430664,78.8171157836914,2618900
2017-01-12,78.8499984741211,79.76000213623047,78.25,79.5999984741211,79.39562225341797,2035700
2017-01-13,79.13999938964844,81.26000213623047,79.12999725341797,80.3499984741211,80.1436996459961,2818000
2017-01-17,80.0,80.58999633789062,79.47000122070312,80.2300033569336,80.02400970458984,2073300
2017-01-18,80.51000213623047,80.81999969482422,79.81999969482422,80.52999877929688,80.3232421875,1926600
2017-01-19,80.4000015258789,81.33999633789062,80.05000305175781,80.37999725341797,80.17362213134766,1746100
2017-01-20,80.48999786376953,80.5199966430664,78.88999938964844,80.12000274658203,79.91429138183594,2642900
2017-01-23,80.05000305175781,80.16999816894531,79.26000213623047,79.87999725341797,79.6749038696289,2672200
2017-01-24,79.87999725341797,80.80000305175781,79.41000366210938,80.51000213623047,80.30329132080078,2004300
2017-01-25,80.8499984741211,81.58999633789062,80.5199966430664,81.4800033569336,81.27080535888672,2727000
2017-01-26,81.55999755859375,81.87000274658203,81.0999984741211,81.69999694824219,81.490234375,1854400
2017-01-27,82.0,83.25,81.86000061035156,83.16000366210938,82.94648742675781,2607200
2017-01-30,82.95999908447266,84.02999877929688,82.75,83.83999633789062,83.6247329711914,4067300
2017-01-31,83.81999969482422,84.08999633789062,82.88999938964844,83.43000030517578,83.2157974243164,6583400
2017-02-01,83.43000030517578,84.25,81.44999694824219,83.0,82.78689575195312,7607300
2017-02-02,82.68000030517578,82.9800033569336,81.37999725341797,82.51000213623047,82.29815673828125,4079700
2017-02-03,82.51000213623047,82.66999816894531,80.97000122070312,81.27999877929688,81.0713119506836,4300800
2017-02-06,80.83000183105469,81.77999877929688,80.4000015258789,81.5199966430664,81.3106918334961,2351100
2017-02-07,81.80999755859375,82.4000015258789,81.55000305175781,82.20999908447266,81.9989242553711,2944000
2017-02-08,81.94000244140625,82.91000366210938,81.2699966430664,81.4800033569336,81.27080535888672,2738900
2017-02-09,82.20999908447266,83.4000015258789,81.48999786376953,83.26000213623047,83.04623413085938,3193000
2017-02-10,84.73999786376953,86.66000366210938,84.12999725341797,86.16999816894531,85.9487533569336,6561700
2017-02-13,86.30999755859375,87.48999786376953,85.69999694824219,86.31999969482422,86.09837341308594,4435000
2017-02-14,85.80000305175781,86.44999694824219,85.22000122070312,86.05999755859375,85.83903503417969,3046800
2017-02-15,85.91999816894531,88.04000091552734,85.69999694824219,87.94999694824219,87.72418975830078,3293500
2017-02-16,87.69000244140625,88.27999877929688,87.19999694824219,87.8499984741211,87.62444305419922,2739100
2017-02-17,87.76000213623047,87.86000061035156,86.94999694824219,87.30000305175781,87.07585906982422,1773700
2017-02-21,87.3499984741211,88.0199966430664,87.0999984741211,87.54000091552734,87.31523895263672,1871800
2017-02-22,87.37999725341797,87.62000274658203,86.95999908447266,87.37999725341797,87.15564727783203,1751400
2017-02-23,87.55999755859375,87.55999755859375,85.76000213623047,86.6500015258789,86.42752838134766,3113300
2017-02-24,85.95999908447266,86.55000305175781,85.2300033569336,86.54000091552734,86.31781005859375,3026700
2017-02-27,86.55000305175781,87.25,86.0999984741211,87.0,86.77662658691406,1519300
2017-02-28,87.05000305175781,87.48999786376953,86.33000183105469,86.5,86.27791595458984,2421100
2017-03-01,86.93000030517578,88.13999938964844,86.08999633789062,87.81999969482422,87.59452056884766,2090700
2017-03-02,87.9000015258789,88.25,86.45999908447266,87.01000213623047,86.78660583496094,1709200
2017-03-03,86.94999694824219,87.29000091552734,86.19000244140625,87.23999786376953,87.01600646972656,1190600
2017-03-06,87.19000244140625,87.5199966430664,86.73999786376953,87.13999938964844,86.91626739501953,1882300
2017-03-07,87.30000305175781,88.8499984741211,87.0999984741211,88.30000305175781,88.07329559326172,3016900
2017-03-08,88.5199966430664,89.36000061035156,88.19999694824219,89.0,88.77149200439453,2577900
2017-03-09,89.31999969482422,89.79000091552734,88.7300033569336,89.02999877929688,88.8014144897461,3127100
2017-03-10,89.58999633789062,89.87999725341797,88.91999816894531,89.80999755859375,89.57940673828125,2005300
2017-03-13,89.83000183105469,90.80999755859375,89.3499984741211,90.7300033569336,90.49705505371094,2753300
2017-03-14,90.5199966430664,91.18000030517578,90.33000183105469,90.9000015258789,90.66661834716797,1967000
2017-03-15,90.98999786376953,91.55000305175781,90.12999725341797,91.51000213623047,91.27505493164062,3197300
2017-03-16,91.5999984741211,91.81999969482422,89.5199966430664,90.19999694824219,89.9684066772461,5153100
2017-03-17,90.91999816894531,90.9800033569336,88.55000305175781,89.58999633789062,89.35997772216797,6446600
2017-03-20,88.81999969482422,89.3499984741211,87.9000015258789,89.16000366210938,88.93109130859375,4278100
2017-03-21,89.22000122070312,90.08999633789062,88.2300033569336,88.41000366210938,88.1830062866211,3278600
2017-03-22,88.43000030517578,88.86000061035156,88.25,88.73999786376953,88.51216125488281,2326200
2017-03-23,88.58999633789062,89.3499984741211,88.23999786376953,88.61000061035156,88.38249206542969,1910000
2017-03-24,88.8499984741211,90.05999755859375,88.61000061035156,89.3499984741211,89.12059020996094,1878100
2017-03-27,88.58999633789062,89.23999786376953,88.05999755859375,89.0199966430664,88.79143524169922,2109200
2017-03-28,89.0,90.0199966430664,88.55000305175781,89.73999786376953,89.50959014892578,2083900
2017-03-29,89.5199966430664,89.97000122070312,88.94999694824219,89.77999877929688,89.54948425292969,1771200
2017-03-30,89.5,90.30000305175781,89.2300033569336,90.26000213623047,90.02825927734375,2073700
2017-03-31,90.0999984741211,90.16999816894531,88.8499984741211,89.5199966430664,89.29015350341797,1737700
2017-04-03,89.9000015258789,89.9000015258789,88.79000091552734,89.11000061035156,88.88121032714844,1522300
2017-04-04,88.58000183105469,89.31999969482422,88.51000213623047,89.27999877929688,89.05077362060547,1870400
2017-04-05,89.47000122070312,89.61000061035156,88.08999633789062,88.4000015258789,88.17303466796875,2673500
2017-04-06,88.47000122070312,88.7699966430664,87.94000244140625,88.55999755859375,88.3326187133789,1319600
2017-04-07,88.4000015258789,88.83000183105469,88.06999969482422,88.7300033569336,88.50218963623047,1740800
2017-04-10,88.55000305175781,89.08999633789062,88.33000183105469,88.73999786376953,88.51216125488281,1424000
2017-04-11,88.77999877929688,89.69000244140625,88.37000274658203,89.68000030517578,89.44974517822266,1763900
2017-04-12,89.94999694824219,90.02999877929688,89.1500015258789,89.94999694824219,89.71905517578125,1909100
2017-04-13,90.08999633789062,90.19999694824219,88.8499984741211,89.0199966430664,88.79143524169922,2966200
2017-04-17,89.2699966430664,90.13999938964844,88.81999969482422,89.20999908447266,88.98095703125,2160100
2017-04-18,89.12000274658203,89.44000244140625,88.72000122070312,89.19999694824219,88.97097778320312,1393100
2017-04-19,89.54000091552734,90.2300033569336,89.13999938964844,89.6500015258789,89.4198226928711,2021400
2017-04-20,90.0999984741211,91.4800033569336,89.79000091552734,91.20999908447266,90.97581481933594,2024300
2017-04-21,91.2699966430664,91.95999908447266,91.0999984741211,91.94000244140625,91.70394897460938,1831800
2017-04-24,92.86000061035156,93.06999969482422,92.51000213623047,92.80999755859375,92.57170867919922,2020900
2017-04-25,93.38999938964844,93.4000015258789,92.69000244140625,92.98999786376953,92.75125122070312,2041400
2017-04-26,93.20999908447266,93.7300033569336,92.30999755859375,93.5,93.25994110107422,1543000
2017-04-27,94.0,94.98999786376953,93.70999908447266,94.23999786376953,93.99803161621094,1515700
2017-04-28,94.44999694824219,94.91000366210938,93.81999969482422,94.81999969482422,94.57654571533203,1937800
2017-05-01,95.20999908447266,95.41999816894531,94.70999908447266,94.79000091552734,94.546630859375,2314800
2017-05-02,94.69000244140625,95.31999969482422,94.12000274658203,94.25,94.00801849365234,2332500
2017-05-03,95.44999694824219,95.44999694824219,93.62000274658203,94.11000061035156,93.86837005615234,2872300
2017-05-04,94.11000061035156,95.08000183105469,93.91999816894531,94.76000213623047,94.51670837402344,4548700
2017-05-05,95.38999938964844,95.87000274658203,94.58999633789062,95.73999786376953,95.49418640136719,5175900
2017-05-08,95.91999816894531,96.48999786376953,95.44999694824219,95.7300033569336,95.48422241210938,5318600
2017-05-09,95.86000061035156,96.33999633789062,95.25,96.01000213623047,95.76349639892578,6184900
2017-05-10,105.97000122070312,110.61000061035156,104.76000213623047,108.16000366210938,107.88230895996094,11166200
2017-05-11,107.55000305175781,109.31999969482422,106.83000183105469,108.58000183105469,108.30122375488281,5750600
2017-05-12,108.19000244140625,109.25,107.45999908447266,109.08999633789062,108.80990600585938,3169400
2017-05-15,108.98999786376953,111.26000213623047,108.8499984741211,110.9000015258789,110.61527252197266,3279800
2017-05-16,111.2300033569336,112.16000366210938,110.44000244140625,111.76000213623047,111.47306060791016,2963400
2017-05-17,108.70999908447266,109.37999725341797,105.0,105.23999786376953,104.96979522705078,7457200
2017-05-18,104.70999908447266,107.6500015258789,104.33999633789062,106.93000030517578,106.65545654296875,3174500
2017-05-19,107.41000366210938,107.94999694824219,106.33000183105469,107.63999938964844,107.36363220214844,2282400
2017-05-22,107.87000274658203,108.4000015258789,107.41999816894531,108.38999938964844,108.11170959472656,1493200
2017-05-23,110.08999633789062,111.8499984741211,108.18000030517578,109.01000213623047,108.73011779785156,3032700
2017-05-24,108.77999877929688,112.54000091552734,108.38999938964844,112.30999755859375,112.02164459228516,4492500
2017-05-25,112.51000213623047,114.16000366210938,112.51000213623047,113.83000183105469,113.53775024414062,3419800
2017-05-26,113.5,113.58999633789062,111.79000091552734,112.12999725341797,111.84210205078125,2212500
2017-05-30,112.62000274658203,112.91999816894531,111.63999938964844,112.8499984741211,112.56025695800781,2360100
2017-05-31,112.86000061035156,113.4800033569336,111.93000030517578,113.33000183105469,113.03903198242188,3430000
2017-06-01,113.95999908447266,114.94000244140625,113.18000030517578,113.87000274658203,113.57764434814453,2232700
2017-06-02,113.8499984741211,114.54000091552734,113.19999694824219,114.5199966430664,114.22596740722656,1872600
2017-06-05,114.68000030517578,115.12999725341797,114.19000244140625,114.69000244140625,114.39553833007812,1879800
2017-06-06,114.54000091552734,115.38999938964844,113.58999633789062,113.69000244140625,113.39810180664062,2508400
2017-06-07,114.83999633789062,115.54000091552734,114.2300033569336,115.37000274658203,115.07379150390625,2480100
2017-06-08,116.04000091552734,116.04000091552734,113.23999786376953,114.29000091552734,113.9965591430664,3293900
2017-06-09,114.83999633789062,115.36000061035156,107.02999877929688,110.45999908447266,110.1763916015625,5738200
2017-06-12,109.30000305175781,111.18000030517578,105.54000091552734,108.9000015258789,108.62039947509766,5836900
2017-06-13,110.33000183105469,110.95999908447266,108.08000183105469,109.9800033569336,109.6976318359375,2740000
2017-06-14,110.16000366210938,111.11000061035156,108.68000030517578,110.0199966430664,109.73751831054688,2171800
2017-06-15,108.23999786376953,111.02999877929688,107.31999969482422,110.52999877929688,110.2462158203125,3705600
2017-06-16,110.72000122070312,112.51000213623047,110.06999969482422,110.51000213623047,110.22627258300781,9608200
2017-06-19,111.18000030517578,113.86000061035156,111.18000030517578,113.6500015258789,113.35820770263672,2891300
2017-06-20,113.43000030517578,115.12000274658203,113.29000091552734,113.47000122070312,113.17866516113281,2710500
2017-06-21,114.33000183105469,114.69000244140625,111.83000183105469,113.16999816894531,112.87944030761719,3054000
2017-06-22,113.51000213623047,113.5199966430664,111.36000061035156,112.62000274658203,112.33085632324219,2380400
2017-06-23,112.51000213623047,112.94999694824219,110.7699966430664,110.87000274658203,110.58534240722656,7457900
2017-06-26,111.0,112.63999938964844,110.37999725341797,111.86000061035156,111.57279968261719,2446300
2017-06-27,111.3499984741211,111.93000030517578,108.12999725341797,108.31999969482422,108.0418930053711,3058000
2017-06-28,108.69999694824219,109.19999694824219,106.73999786376953,108.80999755859375,108.53062438964844,3668200
2017-06-29,108.16000366210938,108.72000122070312,105.47000122070312,106.68000030517578,106.4061050415039,3820400
2017-06-30,107.0999984741211,107.55999755859375,105.6500015258789,105.72000122070312,105.44856262207031,3216500
2017-07-03,106.51000213623047,107.0,105.20999908447266,105.41999816894531,105.14933013916016,1656400
2017-07-05,105.94999694824219,107.30999755859375,105.3499984741211,106.76000213623047,106.48590087890625,2824900
2017-07-06,106.05999755859375,107.12000274658203,105.5,105.75,105.47848510742188,2471600
2017-07-07,106.27999877929688,108.47000122070312,105.54000091552734,107.44999694824219,107.17411804199219,2152500
2017-07-10,107.83999633789062,108.69000244140625,107.01000213623047,107.83999633789062,107.56311798095703,2188400
2017-07-11,107.62999725341797,109.70999908447266,107.0999984741211,108.41999816894531,108.14163208007812,2289900
2017-07-12,109.5,110.9000015258789,109.05000305175781,110.68000030517578,110.39582824707031,1943500
2017-07-13,110.83000183105469,111.61000061035156,108.91999816894531,108.9800033569336,108.70020294189453,1710800
2017-07-14,109.61000061035156,110.33999633789062,108.75,108.98999786376953,108.71016693115234,1321300
2017-07-17,109.0199966430664,110.43000030517578,108.72000122070312,109.44000244140625,109.15901184082031,1686400
2017-07-18,110.0,110.93000030517578,109.4800033569336,110.27999877929688,109.99685668945312,1908700
2017-07-19,110.43000030517578,111.6500015258789,109.80999755859375,111.58000183105469,111.29351806640625,2498400
2017-07-20,111.61000061035156,112.18000030517578,110.37999725341797,111.97000122070312,111.6825180053711,2143800
2017-07-21,111.5,112.91000366210938,111.2699966430664,112.22000122070312,111.93187713623047,2434900
2017-07-24,112.22000122070312,113.97000122070312,112.22000122070312,113.75,113.45795440673828,2784600
2017-07-25,113.97000122070312,114.5199966430664,113.30999755859375,113.66000366210938,113.36817932128906,2735500
2017-07-26,115.45999908447266,118.11000061035156,115.19000244140625,118.0,117.69703674316406,4520400
2017-07-27,119.01000213623047,120.25,116.05999755859375,117.5999984741211,117.29806518554688,8953500
2017-07-28,114.0,118.75,113.5,118.25,117.94639587402344,5012300
2017-07-31,119.05000305175781,119.25,116.5,116.73999786376953,116.44026947021484,2951400
2017-08-01,117.56999969482422,117.6500015258789,116.44000244140625,116.91999816894531,116.61981201171875,2488200
2017-08-02,117.11000061035156,117.41999816894531,113.83000183105469,116.83000183105469,116.53003692626953,3111600
2017-08-03,117.37999725341797,119.2300033569336,116.9800033569336,118.8499984741211,118.54485321044922,2929100
2017-08-04,119.1500015258789,119.18000030517578,116.9000015258789,117.22000122070312,116.91903686523438,2341200
2017-08-07,117.5999984741211,117.95999908447266,116.48999786376953,116.95999908447266,116.65970611572266,1882900
2017-08-08,116.5,117.12999725341797,116.0199966430664,116.5,116.20088958740234,1329900
2017-08-09,115.55000305175781,116.83999633789062,114.75,116.11000061035156,115.8118896484375,1709400
2017-08-10,115.41000366210938,115.72000122070312,113.69000244140625,113.98999786376953,113.69733428955078,2950200
2017-08-11,113.73999786376953,115.9800033569336,113.51000213623047,115.44999694824219,115.15357971191406,1584900
2017-08-14,116.70999908447266,118.0,116.4000015258789,117.11000061035156,116.80931854248047,2890000
2017-08-15,117.2300033569336,117.62000274658203,116.58000183105469,117.43000030517578,117.12850189208984,1048100
2017-08-16,117.48999786376953,119.58999633789062,117.02999877929688,119.25,118.9438247680664,2098200
2017-08-17,119.19000244140625,119.47000122070312,116.45999908447266,116.47000122070312,116.17096710205078,1793900
2017-08-18,116.0,117.83999633789062,115.45999908447266,116.87999725341797,116.57991027832031,1911700
2017-08-21,116.8499984741211,117.4000015258789,116.12000274658203,116.83999633789062,116.5400161743164,1848500
2017-08-22,117.27999877929688,120.44999694824219,117.22000122070312,119.02999877929688,118.72439575195312,2512900
2017-08-23,118.6500015258789,119.37000274658203,117.55000305175781,118.18000030517578,117.87657928466797,1297800
2017-08-24,118.48999786376953,118.91999816894531,116.0,117.81999969482422,117.51750183105469,1342800
2017-08-25,118.19000244140625,118.70999908447266,115.70999908447266,116.93000030517578,116.6297836303711,2206100
2017-08-28,117.5199966430664,119.04000091552734,116.94999694824219,118.7300033569336,118.42516326904297,1775200
2017-08-29,117.47000122070312,119.43000030517578,117.22000122070312,119.2300033569336,118.92388153076172,1301300
2017-08-30,119.41999816894531,122.08000183105469,119.06999969482422,121.97000122070312,121.65684509277344,2193400
2017-08-31,122.0,122.79000091552734,120.94000244140625,121.5,121.18804931640625,2617600
2017-09-01,121.2699966430664,121.7699966430664,118.51000213623047,119.30999755859375,119.00366973876953,2751500
2017-09-05,118.80000305175781,119.30000305175781,116.31999969482422,118.20999908447266,117.90650177001953,2336300
2017-09-06,118.7699966430664,119.1500015258789,116.47000122070312,117.0,116.6996078491211,1770600
2017-09-07,117.19999694824219,119.0999984741211,116.58999633789062,118.93000030517578,118.62464904785156,1810900
2017-09-08,119.98999786376953,120.16000366210938,117.70999908447266,118.27999877929688,117.97631072998047,2424200
2017-09-11,119.87999725341797,121.3499984741211,119.27999877929688,121.19000244140625,120.87885284423828,2282100
2017-09-12,121.61000061035156,122.12999725341797,118.68000030517578,120.41000366210938,120.1008529663086,2659200
2017-09-13,119.86000061035156,120.44999694824219,119.0,119.5999984741211,119.29292297363281,2515300
2017-09-14,118.73999786376953,119.66000366210938,117.70999908447266,119.19000244140625,118.88398742675781,2543100
2017-09-15,119.29000091552734,119.91999816894531,117.75,119.41999816894531,119.11339569091797,3192000
2017-09-18,119.5,120.87000274658203,119.5,119.95999908447266,119.6520004272461,2573700
2017-09-19,120.25,121.19999694824219,119.37000274658203,120.20999908447266,119.90135955810547,2237900
2017-09-20,120.7699966430664,121.4000015258789,118.73999786376953,120.33999633789062,120.03102111816406,2393300
2017-09-21,120.48999786376953,120.48999786376953,117.81999969482422,118.0199966430664,117.71697998046875,1914400
2017-09-22,117.45999908447266,120.18000030517578,117.1500015258789,118.5,118.19575500488281,2077300
2017-09-25,118.05000305175781,118.29000091552734,112.8499984741211,114.19999694824219,113.90679168701172,4113100
2017-09-26,114.5,114.66999816894531,112.83000183105469,113.91999816894531,113.62751007080078,2994400
2017-09-27,115.4000015258789,116.6500015258789,115.4000015258789,115.97000122070312,115.67224884033203,1793200
2017-09-28,115.81999969482422,116.79000091552734,115.23999786376953,116.61000061035156,116.31060791015625,1395600
2017-09-29,116.70999908447266,118.16999816894531,116.30000305175781,118.05999755859375,117.75688171386719,1743500
2017-10-02,118.88999938964844,119.72000122070312,116.94000244140625,117.94999694824219,117.64716339111328,1850700
2017-10-03,117.91999816894531,118.0999984741211,116.76000213623047,117.95999908447266,117.65713500976562,1249700
2017-10-04,117.5199966430664,118.75,116.41000366210938,118.55999755859375,118.25559997558594,1642400
2017-10-05,118.62999725341797,119.75,117.93000030517578,119.5199966430664,119.21312713623047,1438900
2017-10-06,119.02999877929688,120.29000091552734,118.44000244140625,120.08999633789062,119.78166961669922,1912800
2017-10-09,119.23999786376953,119.30000305175781,117.66999816894531,118.62000274658203,118.31544494628906,1516000
2017-10-10,119.02999877929688,119.48999786376953,116.70999908447266,117.81999969482422,117.51750183105469,1558200
2017-10-11,117.33000183105469,118.0,115.5199966430664,116.05000305175781,115.75204467773438,3152800
2017-10-12,115.97000122070312,117.77999877929688,115.7699966430664,117.13999938964844,116.83924102783203,2046200
2017-10-13,117.76000213623047,118.91999816894531,117.55000305175781,118.62000274658203,118.31544494628906,1931200
2017-10-16,118.80999755859375,119.0,117.05000305175781,117.4800033569336,117.17837524414062,2601800
2017-10-17,117.19999694824219,118.1500015258789,115.62999725341797,115.9800033569336,115.6822280883789,3130300
2017-10-18,113.41000366210938,113.75,110.30999755859375,113.16000366210938,112.86946105957031,9784700
2017-10-19,112.0,113.08000183105469,111.12000274658203,113.06999969482422,112.77969360351562,3183200
2017-10-20,113.5999984741211,114.27999877929688,113.1500015258789,113.62000274658203,113.32828521728516,1988800
2017-10-23,113.80999755859375,114.43000030517578,112.7300033569336,113.66000366210938,113.36817932128906,2204700
2017-10-24,113.68000030517578,114.72000122070312,112.76000213623047,113.38999938964844,113.09886932373047,2006100
2017-10-25,113.19999694824219,114.87999725341797,112.58999633789062,114.55999755859375,114.26586151123047,3205300
2017-10-26,115.06999969482422,117.05999755859375,115.0199966430664,115.83000183105469,115.53260803222656,2453200
2017-10-27,116.83000183105469,117.55000305175781,115.41000366210938,116.88999938964844,116.58988952636719,2892000
2017-10-30,117.12999725341797,117.7699966430664,116.63999938964844,117.58000183105469,117.27811431884766,2614100
2017-10-31,118.12999725341797,119.83999633789062,116.37000274658203,119.5999984741211,119.29292297363281,5477400
2017-11-01,116.0,116.5999984741211,111.27999877929688,114.47000122070312,114.17610168457031,9669200
2017-11-02,114.3499984741211,114.5199966430664,112.5999984741211,112.69000244140625,112.40066528320312,3438300
2017-11-03,113.47000122070312,113.76000213623047,112.56999969482422,113.19999694824219,112.90935516357422,2925300
2017-11-06,112.98999786376953,113.5,110.76000213623047,112.45999908447266,112.1712646484375,3642500
2017-11-07,112.29000091552734,112.72000122070312,110.08000183105469,111.69999694824219,111.4132080078125,2830300
2017-11-08,112.44999694824219,115.5999984741211,112.0999984741211,114.1500015258789,113.85692596435547,3393900
2017-11-09,112.98999786376953,113.30000305175781,110.94000244140625,111.88999938964844,111.60272216796875,3445700
2017-11-10,111.26000213623047,112.83000183105469,110.81999969482422,112.75,112.46051788330078,2534000
2017-11-13,112.0,113.23999786376953,111.19000244140625,112.01000213623047,111.72241973876953,3168100
2017-11-14,110.5999984741211,113.9000015258789,110.38999938964844,112.2699966430664,111.98175048828125,3618000
2017-11-15,112.72000122070312,112.87000274658203,110.5199966430664,111.4800033569336,111.19377899169922,2585900
2017-11-16,111.8499984741211,113.12999725341797,111.20999908447266,111.5999984741211,111.31346893310547,2445800
2017-11-17,108.98999786376953,109.55000305175781,107.5,108.81999969482422,108.54060363769531,8556400
2017-11-20,108.27999877929688,108.44999694824219,106.75,107.63999938964844,107.36363220214844,5974700
2017-11-21,107.77999877929688,108.7699966430664,107.54000091552734,107.70999908447266,107.43345642089844,3298400
2017-11-22,108.04000091552734,108.44000244140625,106.61000061035156,107.31999969482422,107.0444564819336,2558200
2017-11-24,107.66000366210938,108.58000183105469,107.58999633789062,107.94000244140625,107.6628646850586,1306300
2017-11-27,107.86000061035156,108.29000091552734,106.79000091552734,106.98999786376953,106.71530151367188,2540100
2017-11-28,106.98999786376953,110.5199966430664,106.73999786376953,109.47000122070312,109.18893432617188,5499400
2017-11-29,109.20999908447266,109.38999938964844,104.94999694824219,105.48999786376953,105.21915435791016,5590700
2017-11-30,106.11000061035156,106.5,105.05999755859375,106.3499984741211,106.07694244384766,5395200
2017-12-01,105.86000061035156,106.87000274658203,103.94999694824219,106.0199966430664,105.74779510498047,3859400
2017-12-04,105.52999877929688,105.87999725341797,100.68000030517578,100.83000183105469,100.57112121582031,6573200
2017-12-05,100.55000305175781,105.19000244140625,99.62999725341797,103.37999725341797,103.11457061767578,4582300
2017-12-06,102.95999908447266,103.91999816894531,100.41000366210938,103.18000030517578,102.91508483886719,4668400
2017-12-07,103.2300033569336,105.5999984741211,102.75,104.37000274658203,104.10203552246094,3590500
2017-12-08,104.48999786376953,106.4000015258789,104.48999786376953,105.2699966430664,104.99971771240234,3535400
2017-12-11,105.61000061035156,108.16000366210938,105.0,107.91999816894531,107.64291381835938,3998200
2017-12-12,108.0,108.91999816894531,107.0199966430664,107.66000366210938,107.38359069824219,3880700
2017-12-13,107.70999908447266,108.30999755859375,105.22000122070312,105.54000091552734,105.26903533935547,3790100
2017-12-14,105.19999694824219,107.62000274658203,104.69999694824219,106.41999816894531,106.14676666259766,2751200
2017-12-15,107.7699966430664,109.68000030517578,106.62999725341797,109.27999877929688,108.99942016601562,6107300
2017-12-18,109.88999938964844,110.0,106.55999755859375,107.33999633789062,107.06440734863281,4375300
2017-12-19,107.41999816894531,107.76000213623047,106.69000244140625,107.0,106.72528076171875,2077200
2017-12-20,107.5,108.87000274658203,107.1500015258789,108.44999694824219,108.17155456542969,2650400
2017-12-21,107.87999725341797,108.73999786376953,107.77999877929688,107.97000122070312,107.69279479980469,2804400
2017-12-22,108.30999755859375,108.30999755859375,105.68000030517578,106.0199966430664,105.74779510498047,2424600
2017-12-26,105.66000366210938,106.0199966430664,104.6500015258789,105.05999755859375,104.79025268554688,1689900
2017-12-27,105.4000015258789,106.44000244140625,104.58000183105469,105.2300033569336,104.95983123779297,2527500
2017-12-28,105.29000091552734,105.55000305175781,104.55000305175781,105.30999755859375,105.03961944580078,1438900
2017-12-29,105.29000091552734,105.68000030517578,104.38999938964844,105.05999755859375,104.79025268554688,2113600
2018-01-02,106.1500015258789,110.0,105.3499984741211,109.44999694824219,109.16899108886719,4599100
2018-01-03,109.75,111.33000183105469,109.37000274658203,109.75,109.46821594238281,3210600
2018-01-04,109.87000274658203,110.55000305175781,106.66999816894531,107.19000244140625,106.914794921875,3777900
2018-01-05,108.0199966430664,112.76000213623047,107.58999633789062,112.38999938964844,112.1014404296875,5963000
2018-01-08,113.5,114.16999816894531,111.19999694824219,113.22000122070312,112.92931365966797,4579100
2018-01-09,113.33000183105469,113.6500015258789,110.45999908447266,112.18000030517578,111.89197540283203,4111700
2018-01-10,111.5,113.30000305175781,111.29000091552734,112.25,111.96179962158203,2493600
2018-01-11,112.55999755859375,113.0,111.69999694824219,112.0,111.71244049072266,2788800
2018-01-12,110.48999786376953,113.9000015258789,110.48999786376953,113.12999725341797,112.83953857421875,3467400
2018-01-16,114.0,114.69999694824219,111.61000061035156,111.91999816894531,111.63264465332031,3570800
2018-01-17,113.0,113.43000030517578,111.5199966430664,113.13999938964844,112.84951782226562,2709000
2018-01-18,114.05000305175781,115.62999725341797,113.19999694824219,115.27999877929688,114.98402404785156,4353800
2018-01-19,115.3499984741211,116.41000366210938,114.72000122070312,116.18000030517578,115.8817138671875,3534200
2018-01-22,116.31999969482422,118.30000305175781,115.81999969482422,117.98999786376953,117.68705749511719,4235800
2018-01-23,117.87999725341797,118.66999816894531,116.94000244140625,117.66999816894531,117.36788177490234,3449700
2018-01-24,118.41000366210938,118.41000366210938,114.26000213623047,114.66000366210938,114.36561584472656,6553600
2018-01-25,115.69999694824219,115.97000122070312,113.66999816894531,114.5,114.20602416992188,3457700
2018-01-26,115.33000183105469,116.23999786376953,113.54000091552734,115.19999694824219,114.90422821044922,3417600
2018-01-29,115.20999908447266,119.41000366210938,115.20999908447266,117.6500015258789,117.34793090820312,6486500
2018-01-30,116.4000015258789,119.31999969482422,116.4000015258789,118.69999694824219,118.39523315429688,8493600
2018-01-31,129.5500030517578,131.00999450683594,126.47000122070312,126.95999908447266,126.63402557373047,14727300
2018-02-01,126.75,130.05999755859375,126.01000213623047,128.17999267578125,127.85088348388672,6297200
2018-02-02,127.68000030517578,128.1699981689453,124.45999908447266,124.52999877929688,124.21026611328125,6471200
2018-02-05,123.7300033569336,126.20999908447266,120.68000030517578,121.63999938964844,121.32769012451172,4533400
2018-02-06,118.86000061035156,123.3499984741211,117.76000213623047,123.12999725341797,122.81385803222656,4652300
2018-02-07,122.86000061035156,125.0,122.18000030517578,123.05000305175781,122.73406982421875,4066900
2018-02-08,123.0,123.0,116.5199966430664,116.54000091552734,116.24078369140625,5478900
2018-02-09,117.95999908447266,122.13999938964844,114.66999816894531,120.63999938964844,120.33026123046875,5945100
2018-02-12,121.77999877929688,124.16000366210938,121.52999877929688,122.22000122070312,121.90620422363281,3695100
2018-02-13,120.8499984741211,123.12999725341797,120.58000183105469,122.27999877929688,121.96604919433594,2388700
2018-02-14,121.2300033569336,124.87000274658203,121.2300033569336,123.7699966430664,123.45221710205078,4293400
2018-02-15,124.83000183105469,127.02999877929688,123.44000244140625,126.4800033569336,126.15526580810547,3207100
2018-02-16,126.43000030517578,126.79000091552734,125.13999938964844,126.0199966430664,125.69644165039062,3214500
2018-02-20,125.37000274658203,127.55000305175781,125.3499984741211,126.33999633789062,126.015625,2540600
2018-02-21,126.61000061035156,128.10000610351562,124.80999755859375,124.9000015258789,124.5793228149414,3191000
2018-02-22,125.79000091552734,126.3499984741211,123.91999816894531,124.61000061035156,124.2900619506836,1919700
2018-02-23,125.0999984741211,127.27999877929688,123.73999786376953,127.0999984741211,126.77367401123047,2476900
2018-02-26,127.38999938964844,128.8000030517578,126.91000366210938,128.57000732421875,128.23989868164062,2877800
2018-02-27,128.05999755859375,128.60000610351562,125.55000305175781,125.80000305175781,125.47701263427734,3158800
2018-02-28,126.51000213623047,127.75,123.66999816894531,123.69999694824219,123.38240051269531,3496000
2018-03-01,124.54000091552734,124.94000244140625,121.33000183105469,122.16999816894531,121.85633087158203,3919200
2018-03-02,120.94000244140625,125.30999755859375,120.58000183105469,125.08999633789062,124.76882934570312,2935800
2018-03-05,124.16000366210938,126.62999725341797,123.69000244140625,126.0999984741211,125.77623748779297,1642500
2018-03-06,126.4800033569336,126.58999633789062,123.45999908447266,124.55000305175781,124.230224609375,2269300
2018-03-07,123.62999725341797,127.51000213623047,123.25,127.16999816894531,126.84349060058594,2679300
2018-03-08,127.37999725341797,129.8699951171875,126.80000305175781,128.82000732421875,128.4892578125,3693600
2018-03-09,129.97000122070312,130.86000061035156,128.19000244140625,128.49000549316406,128.1601104736328,2647500
2018-03-12,128.55999755859375,129.25,127.55999755859375,128.1199951171875,127.79104614257812,2341100
2018-03-13,129.0500030517578,129.3000030517578,125.87999725341797,126.56999969482422,126.24502563476562,2948600
2018-03-14,126.88999938964844,128.0800018310547,123.63999938964844,127.97000122070312,127.64144134521484,3579500
2018-03-15,128.19000244140625,129.85000610351562,126.54000091552734,129.1199951171875,128.78848266601562,2690700
2018-03-16,130.35000610351562,131.1300048828125,128.1300048828125,128.52000427246094,128.19003295898438,4187200
2018-03-19,127.52999877929688,128.0800018310547,124.16999816894531,125.44000244140625,125.1179428100586,3207700
2018-03-20,125.7699966430664,127.77999877929688,125.02999877929688,126.8499984741211,126.5243148803711,1960100
2018-03-21,126.5199966430664,127.73999786376953,125.62000274658203,126.0,125.67649841308594,2050100
2018-03-22,124.83000183105469,125.62999725341797,122.66999816894531,122.9800033569336,122.66425323486328,2727000
2018-03-23,123.19999694824219,125.27999877929688,121.37999725341797,121.44000244140625,121.12820434570312,2645800
2018-03-26,124.23999786376953,127.5,122.98999786376953,126.44000244140625,126.11537170410156,2654800
2018-03-27,126.37000274658203,126.98999786376953,118.91999816894531,119.9800033569336,119.67195892333984,3142400
2018-03-28,120.26000213623047,121.37999725341797,118.26000213623047,119.33000183105469,119.02362060546875,3304300
2018-03-29,120.37000274658203,123.0,118.80000305175781,121.23999786376953,120.9287109375,2809700
2018-04-02,120.4800033569336,121.33000183105469,116.98999786376953,118.72000122070312,118.41519165039062,2610600
2018-04-03,119.87000274658203,120.8499984741211,117.62000274658203,119.51000213623047,119.20316314697266,2378100
2018-04-04,116.70999908447266,120.56999969482422,116.27999877929688,120.11000061035156,119.80162048339844,3623800
2018-04-05,121.5199966430664,122.77999877929688,120.55000305175781,121.2300033569336,120.91874694824219,2915200
2018-04-06,120.05999755859375,121.19999694824219,117.66000366210938,118.36000061035156,118.05610656738281,2472900
2018-04-09,119.19000244140625,121.06999969482422,118.52999877929688,118.86000061035156,118.55482482910156,2572100
2018-04-10,120.37000274658203,121.25,118.30000305175781,120.70999908447266,120.40007781982422,2975600
2018-04-11,119.72000122070312,120.5,118.31999969482422,118.77999877929688,118.47502899169922,2455200
2018-04-12,119.95999908447266,121.58999633789062,119.0,121.08999633789062,120.77909851074219,2498700
2018-04-13,122.01000213623047,122.01000213623047,119.6500015258789,120.52999877929688,120.22054290771484,2165100
2018-04-16,121.41999816894531,122.80000305175781,121.27999877929688,122.19000244140625,121.87627410888672,1849400
2018-04-17,123.0199966430664,124.87000274658203,122.87000274658203,124.30999755859375,123.99083709716797,2304700
2018-04-18,124.66999816894531,125.41000366210938,124.05000305175781,124.93000030517578,124.60923767089844,1432900
2018-04-19,124.08999633789062,125.83000183105469,122.33999633789062,123.11000061035156,122.79391479492188,3081700
2018-04-20,122.54000091552734,122.54000091552734,119.91999816894531,120.88999938964844,120.5796127319336,2753100
2018-04-23,122.38999938964844,122.38999938964844,119.25,119.5999984741211,119.29292297363281,1822400
2018-04-24,119.94999694824219,121.41999816894531,116.75,118.58999633789062,118.28551483154297,3010300
2018-04-25,118.30999755859375,118.88999938964844,115.80999755859375,116.68000030517578,116.38042449951172,3027800
2018-04-26,116.5199966430664,120.16000366210938,116.5199966430664,119.5999984741211,119.29292297363281,3162100
2018-04-27,119.0,119.55000305175781,115.80999755859375,117.47000122070312,117.16840362548828,2536000
2018-04-30,117.63999938964844,118.7699966430664,116.2699966430664,117.9800033569336,117.67709350585938,2227800
2018-05-01,118.05999755859375,120.1500015258789,117.18000030517578,119.83000183105469,119.5223388671875,2345900
2018-05-02,119.79000091552734,120.51000213623047,118.33999633789062,118.94000244140625,118.6346206665039,2399900
2018-05-03,118.18000030517578,124.30999755859375,114.87999725341797,120.16999816894531,119.86146545410156,11445500
2018-05-04,119.12000274658203,124.19999694824219,118.41000366210938,123.63999938964844,123.32254791259766,3909200
2018-05-07,124.69999694824219,125.77999877929688,123.36000061035156,123.91999816894531,123.60183715820312,3177800
2018-05-08,123.29000091552734,124.33000183105469,122.16000366210938,123.88999938964844,123.57191467285156,4446800
2018-05-09,127.98999786376953,132.44000244140625,126.06999969482422,131.00999450683594,130.67361450195312,7595100
2018-05-10,130.94000244140625,133.9199981689453,129.74000549316406,133.75999450683594,133.41656494140625,4610300
2018-05-11,133.3000030517578,134.5800018310547,132.1199951171875,132.80999755859375,132.46900939941406,4364200
2018-05-14,133.07000732421875,133.97000122070312,130.9499969482422,132.52999877929688,132.18972778320312,2280200
2018-05-15,131.7899932861328,132.3000030517578,129.61000061035156,130.11000061035156,129.77593994140625,2107300
2018-05-16,130.36000061035156,131.19000244140625,128.02000427246094,130.86000061035156,130.52403259277344,1842300
2018-05-17,129.91000366210938,132.0,129.6199951171875,130.80999755859375,130.47415161132812,2773900
2018-05-18,130.74000549316406,132.1999969482422,129.88999938964844,132.0,131.6610870361328,2989200
2018-05-21,132.7100067138672,134.61000061035156,131.0399932861328,132.91000366210938,132.56875610351562,2088400
2018-05-22,133.14999389648438,133.86000061035156,131.77999877929688,132.17999267578125,131.8406219482422,1709900
2018-05-23,131.27999877929688,133.5399932861328,130.82000732421875,133.5,133.15724182128906,2002000
2018-05-24,133.49000549316406,133.49000549316406,129.57000732421875,131.47999572753906,131.14242553710938,3319300
2018-05-25,131.77000427246094,132.60000610351562,131.14999389648438,131.85000610351562,131.511474609375,1459300
2018-05-29,130.7100067138672,131.50999450683594,129.83999633789062,131.25,130.91302490234375,1750100
2018-05-30,132.14999389648438,132.14999389648438,131.02999877929688,131.3699951171875,131.03269958496094,1395000
2018-05-31,131.83999633789062,132.9600067138672,130.35000610351562,130.91000366210938,130.57388305664062,2516500
2018-06-01,132.0800018310547,135.8000030517578,131.6699981689453,135.69000244140625,135.34161376953125,2909600
2018-06-04,135.6999969482422,136.99000549316406,133.67999267578125,134.66000366210938,134.31427001953125,2470000
2018-06-05,135.32000732421875,137.47999572753906,134.8000030517578,136.9600067138672,136.60836791992188,2645200
2018-06-06,137.80999755859375,138.38999938964844,136.1199951171875,136.94000244140625,136.58840942382812,2915000
2018-06-07,137.4199981689453,138.75,135.47999572753906,136.91000366210938,136.55848693847656,2481600
2018-06-08,136.7100067138672,138.05999755859375,136.22999572753906,137.8699951171875,137.51600646972656,3494500
2018-06-11,139.0800018310547,140.5399932861328,138.42999267578125,139.16000366210938,138.80271911621094,5073200
2018-06-12,139.0,140.39999389648438,138.69000244140625,139.77999877929688,139.42112731933594,2902100
2018-06-13,140.86000061035156,144.9199981689453,140.33999633789062,143.27999877929688,142.91212463378906,6432900
2018-06-14,143.60000610351562,147.0399932861328,143.41000366210938,144.38999938964844,144.019287109375,4558800
2018-06-15,144.2899932861328,147.1300048828125,143.64999389648438,146.64999389648438,146.2734832763672,3943800
2018-06-18,145.5,145.69000244140625,142.44000244140625,144.86000061035156,144.4880828857422,2890200
2018-06-19,143.1300048828125,144.8300018310547,141.6199951171875,143.08999633789062,142.7226104736328,4117800
2018-06-20,143.61000061035156,144.74000549316406,143.24000549316406,143.5399932861328,143.1714630126953,1935800
2018-06-21,144.1300048828125,144.75,141.6300048828125,143.14999389648438,142.78245544433594,1536000
2018-06-22,145.5,145.6300048828125,140.9499969482422,141.25999450683594,140.89732360839844,3053000
2018-06-25,140.72999572753906,140.89999389648438,138.83999633789062,140.52000427246094,140.1592254638672,2574200
2018-06-26,141.4499969482422,143.13999938964844,140.1300048828125,140.3699951171875,140.0095977783203,2691200
2018-06-27,140.72999572753906,142.2100067138672,137.67999267578125,137.75,137.39633178710938,2541800
2018-06-28,138.17999267578125,141.3800048828125,137.83999633789062,140.6300048828125,140.26895141601562,2708200
2018-06-29,141.75999450683594,143.14999389648438,140.52999877929688,141.02000427246094,140.65794372558594,2371200
2018-07-02,140.49000549316406,143.5800018310547,140.2100067138672,143.47999572753906,143.1116180419922,1872100
2018-07-03,143.77999877929688,144.16000366210938,141.0,141.22999572753906,140.8673858642578,1168800
2018-07-05,142.5800018310547,143.4600067138672,142.07000732421875,143.22999572753906,142.8622589111328,1266600
2018-07-06,143.05999755859375,145.2899932861328,142.9600067138672,145.10000610351562,144.7274627685547,1628500
2018-07-09,145.5500030517578,146.88999938964844,142.27000427246094,144.63999938964844,144.26864624023438,2041900
2018-07-10,144.41000366210938,145.35000610351562,143.36000061035156,144.19000244140625,143.81979370117188,1716000
2018-07-11,143.0399932861328,146.27999877929688,142.75,145.72000122070312,145.3458709716797,2057200
2018-07-12,146.92999267578125,148.74000549316406,146.35000610351562,148.61000061035156,148.22845458984375,1903400
2018-07-13,148.6999969482422,151.25999450683594,147.3800048828125,148.72999572753906,148.34812927246094,2108600
2018-07-16,148.9499969482422,149.10000610351562,146.42999267578125,146.67999267578125,146.3033905029297,1917700
2018-07-17,145.60000610351562,149.22999572753906,145.00999450683594,148.74000549316406,148.3581085205078,2478100
2018-07-18,149.05999755859375,150.0,147.7100067138672,148.92999267578125,148.54762268066406,2486800
2018-07-19,148.1199951171875,149.47000122070312,147.0,147.9600067138672,147.5801239013672,1645500
2018-07-20,148.19000244140625,149.7899932861328,147.13999938964844,147.47999572753906,147.10133361816406,2153700
2018-07-23,146.50999450683594,147.86000061035156,145.33999633789062,146.55999755859375,146.18370056152344,2226900
2018-07-24,147.5,147.72000122070312,142.9600067138672,144.32000732421875,143.94947814941406,3880200
2018-07-25,144.91000366210938,146.7899932861328,144.25,146.5,146.12387084960938,2944900
2018-07-26,148.0,148.0,141.05999755859375,141.89999389648438,141.53567504882812,6273500
2018-07-27,134.94000244140625,137.97999572753906,131.25,133.80999755859375,133.4664306640625,11612100
2018-07-30,133.4499969482422,133.57000732421875,125.5999984741211,126.20999908447266,125.88595581054688,9488300
2018-07-31,127.44999694824219,128.99000549316406,125.30999755859375,128.75,128.41944885253906,6231300
2018-08-01,130.25,131.2100067138672,127.0199966430664,127.4800033569336,127.15270233154297,4863900
2018-08-02,126.7699966430664,128.8699951171875,125.44999694824219,128.64999389648438,128.31968688964844,3535300
2018-08-03,131.00999450683594,134.0,128.85000610351562,130.8699951171875,130.53399658203125,5456500
2018-08-06,130.02000427246094,130.47000122070312,127.6500015258789,129.02999877929688,128.69871520996094,3366600
2018-08-07,130.16000366210938,130.77999877929688,127.30999755859375,128.10000610351562,127.77111053466797,3858900
2018-08-08,128.1300048828125,128.91000366210938,127.0999984741211,128.41000366210938,128.08030700683594,2740000
2018-08-09,128.5,128.89999389648438,127.41999816894531,127.81999969482422,127.4918212890625,4261100
2018-08-10,128.1999969482422,132.0399932861328,126.77999877929688,131.32000732421875,130.9828338623047,5190400
2018-08-13,131.41000366210938,133.64999389648438,130.44000244140625,131.32000732421875,130.9828338623047,4636100
2018-08-14,131.0,132.30999755859375,129.1199951171875,131.91000366210938,131.57131958007812,3052900
2018-08-15,129.82000732421875,130.75999450683594,126.0199966430664,128.0500030517578,127.72123718261719,5484700
2018-08-16,129.97000122070312,130.92999267578125,128.02000427246094,129.7100067138672,129.37698364257812,4673400
2018-08-17,128.80999755859375,129.44000244140625,126.9800033569336,128.00999450683594,127.68132781982422,3805600
2018-08-20,127.08000183105469,128.3000030517578,125.58000183105469,127.70999908447266,127.38211059570312,3625400
2018-08-21,128.5399932861328,129.1699981689453,125.97000122070312,126.76000213623047,126.4345474243164,5814300
2018-08-22,126.05999755859375,129.07000732421875,124.66000366210938,127.62000274658203,127.2923355102539,6609700
2018-08-23,127.62999725341797,127.98999786376953,125.79000091552734,126.11000061035156,125.78621673583984,4468200
2018-08-24,126.88999938964844,129.5,126.3499984741211,128.97000122070312,128.6388702392578,3483300
2018-08-27,130.2899932861328,130.57000732421875,128.07000732421875,128.97000122070312,128.6388702392578,2404600
2018-08-28,129.61000061035156,129.7899932861328,127.18000030517578,127.79000091552734,127.46190643310547,2418700
2018-08-29,127.55999755859375,128.8800048828125,127.02999877929688,128.52000427246094,128.19003295898438,3138100
2018-08-30,120.5999984741211,121.6500015258789,115.66000366210938,115.94000244140625,115.642333984375,19585500
2018-08-31,115.12999725341797,115.5,113.08999633789062,113.41000366210938,113.11882781982422,9652900
2018-09-04,113.72000122070312,114.4000015258789,111.94000244140625,113.5199966430664,113.2285385131836,5245500
2018-09-05,112.9800033569336,113.43000030517578,110.9800033569336,111.55000305175781,111.26359558105469,4311100
2018-09-06,111.8499984741211,113.77999877929688,111.20999908447266,113.19999694824219,112.90935516357422,6382600
2018-09-07,112.73999786376953,116.0,112.62999725341797,114.91000366210938,114.61497497558594,5742500
2018-09-10,115.25,115.6500015258789,112.87000274658203,113.20999908447266,112.9193344116211,4424900
2018-09-11,112.29000091552734,113.18000030517578,110.52999877929688,112.29000091552734,112.00169372558594,4217300
2018-09-12,112.01000213623047,113.72000122070312,111.66999816894531,113.0,112.70986938476562,3068300
2018-09-13,113.75,114.61000061035156,113.02999877929688,113.83999633789062,113.54771423339844,2506600
2018-09-14,114.41000366210938,116.51000213623047,113.75,114.2699966430664,113.97660827636719,3207500
2018-09-17,114.37999725341797,114.73999786376953,112.62000274658203,112.69000244140625,112.40066528320312,3516000
2018-09-18,112.83000183105469,113.95999908447266,111.87999725341797,112.6500015258789,112.36077117919922,3448400
2018-09-19,112.98999786376953,113.25,110.8499984741211,112.91999816894531,112.63007354736328,3013200
2018-09-20,113.41999816894531,114.5199966430664,112.5,113.47000122070312,113.17866516113281,3747000
2018-09-21,114.12000274658203,116.02999877929688,113.95999908447266,115.0199966430664,114.72468566894531,7421800
2018-09-24,114.72000122070312,115.63999938964844,113.80000305175781,115.23999786376953,114.94412231445312,2831500
2018-09-25,115.20999908447266,116.44000244140625,114.87000274658203,116.25,115.95152282714844,2591100
2018-09-26,116.87000274658203,119.87000274658203,116.55000305175781,118.08999633789062,117.78680419921875,5062600
2018-09-27,118.4000015258789,119.5999984741211,117.7300033569336,119.37999725341797,119.07349395751953,3290000
2018-09-28,119.08999633789062,120.66000366210938,119.01000213623047,120.48999786376953,120.1806411743164,3904900
2018-10-01,121.1500015258789,121.30000305175781,116.29000091552734,117.55000305175781,117.24819946289062,5741600
2018-10-02,117.5,118.23999786376953,116.18000030517578,117.05000305175781,116.74948120117188,4160100
2018-10-03,117.48999786376953,118.16999816894531,116.20999908447266,116.38999938964844,116.09117126464844,3632600
2018-10-04,116.38999938964844,116.38999938964844,112.76000213623047,114.01000213623047,113.71727752685547,5235500
2018-10-05,114.4000015258789,115.75,111.98999786376953,113.7300033569336,113.43800354003906,3571400
2018-10-08,112.81999969482422,113.29000091552734,109.80000305175781,110.62000274658203,110.33598327636719,4784400
2018-10-09,110.80000305175781,112.20999908447266,109.29000091552734,109.48999786376953,109.2088851928711,5238500
2018-10-10,108.66999816894531,109.12000274658203,104.97000122070312,105.1500015258789,104.88003540039062,7443800
2018-10-11,104.44999694824219,105.38999938964844,102.30000305175781,103.5999984741211,103.3340072631836,6251700
2018-10-12,106.95999908447266,108.12999725341797,104.41000366210938,106.0999984741211,105.82759094238281,5384500
2018-10-15,105.44999694824219,107.02999877929688,104.0199966430664,105.87999725341797,105.60814666748047,2602000
2018-10-16,106.76000213623047,108.51000213623047,106.52999877929688,107.41999816894531,107.14420318603516,5441900
2018-10-17,107.76000213623047,109.36000061035156,106.94000244140625,108.79000091552734,108.51068878173828,3196200
2018-10-18,107.33999633789062,107.8499984741211,104.7699966430664,105.80000305175781,105.52835845947266,4731800
2018-10-19,106.30000305175781,107.48999786376953,101.9800033569336,102.11000061035156,101.84783935546875,5432300
2018-10-22,102.80999755859375,104.23999786376953,101.23999786376953,101.36000061035156,101.09976196289062,4983100
2018-10-23,99.41000366210938,100.05999755859375,97.80000305175781,99.08999633789062,98.83558654785156,6842900
2018-10-24,98.80999755859375,100.19999694824219,96.0999984741211,96.25,96.00287628173828,4851800
2018-10-25,97.86000061035156,99.4800033569336,97.62000274658203,98.63999938964844,98.3867416381836,5610900
2018-10-26,95.93000030517578,98.76000213623047,95.58999633789062,96.22000122070312,95.97295379638672,4263500
2018-10-29,95.77999877929688,97.30000305175781,89.12000274658203,91.19000244140625,90.95587158203125,9957000
2018-10-30,91.66999816894531,94.83000183105469,91.0,94.83000183105469,94.58653259277344,6678700
2018-10-31,92.0,95.37000274658203,89.94000244140625,90.9800033569336,90.74641418457031,17510800
2018-11-01,91.0,95.05000305175781,91.0,94.19999694824219,93.95813751220703,5444200
2018-11-02,95.29000091552734,95.80000305175781,91.83999633789062,92.45999908447266,92.22261047363281,5325300
2018-11-05,92.56999969482422,93.05999755859375,91.16000366210938,92.69000244140625,92.4520263671875,4163800
2018-11-06,92.69000244140625,93.5,91.56999969482422,92.2300033569336,91.99320220947266,4121700
2018-11-07,93.0,94.62999725341797,92.26000213623047,93.80000305175781,93.55917358398438,7249200
2018-11-08,94.01000213623047,94.23999786376953,92.33000183105469,93.87000274658203,93.62899017333984,5045800
2018-11-09,92.86000061035156,92.86000061035156,88.22000122070312,88.88999938964844,88.66178131103516,7236500
2018-11-12,88.5999984741211,88.87999725341797,86.01000213623047,87.66000366210938,87.4349365234375,5123600
2018-11-13,88.33000183105469,89.3499984741211,86.98999786376953,87.38999938964844,87.1656265258789,3732300
2018-11-14,88.23999786376953,88.36000061035156,84.9800033569336,85.76000213623047,85.5398178100586,3591300
2018-11-15,86.0199966430664,88.27999877929688,84.86000061035156,88.25,88.0234146118164,3827400
2018-11-16,87.44999694824219,87.87999725341797,84.9800033569336,85.97000122070312,85.74927520751953,4585300
2018-11-19,86.0999984741211,86.20999908447266,82.72000122070312,83.04000091552734,82.82679748535156,4461800
2018-11-20,80.81999969482422,83.43000030517578,80.41999816894531,83.0199966430664,82.80683898925781,5388800
2018-11-21,83.94000244140625,85.4800033569336,83.43000030517578,84.0199966430664,83.80427551269531,3272900
2018-11-23,83.81999969482422,84.25,82.41999816894531,82.66999816894531,82.45774841308594,1906800
2018-11-26,83.5199966430664,85.01000213623047,82.48999786376953,84.93000030517578,84.7119369506836,5383800
2018-11-27,84.68000030517578,85.66999816894531,83.23999786376953,85.04000091552734,84.82166290283203,3372200
2018-11-28,85.51000213623047,86.31999969482422,83.91999816894531,85.9000015258789,85.67945098876953,4197200
2018-11-29,85.08999633789062,87.23999786376953,84.62999725341797,86.38999938964844,86.16819763183594,3527300
2018-11-30,86.30999755859375,86.83000183105469,83.7300033569336,84.06999969482422,83.8541488647461,5395500
2018-12-03,85.80999755859375,86.63999938964844,83.33999633789062,84.0,83.78433227539062,5052200
2018-12-04,83.44000244140625,84.88999938964844,81.0,81.18000030517578,80.97156524658203,5129500
2018-12-06,79.94000244140625,83.87999725341797,79.5,83.87999725341797,83.66463470458984,5747500
2018-12-07,83.77999877929688,85.13999938964844,82.22000122070312,82.5199966430664,82.3081283569336,4589100
2018-12-10,82.33999633789062,84.5999984741211,82.30000305175781,83.7300033569336,83.51502990722656,3888400
2018-12-11,85.12000274658203,85.31999969482422,82.7300033569336,83.44000244140625,83.22576904296875,3876700
2018-12-12,84.31999969482422,85.37000274658203,82.91000366210938,82.98999786376953,82.77692413330078,3400500
2018-12-13,83.91000366210938,83.94000244140625,80.77999877929688,80.86000061035156,80.65238952636719,5011100
2018-12-14,79.81999969482422,81.94999694824219,79.13999938964844,80.16000366210938,79.95419311523438,5227600
2018-12-17,80.13999938964844,82.0199966430664,78.4800033569336,79.2300033569336,79.02658081054688,4083500
2018-12-18,79.68000030517578,81.80000305175781,79.37999725341797,80.0,79.79460144042969,6191100
2018-12-19,80.02999877929688,81.22000122070312,77.33999633789062,78.36000061035156,78.1588134765625,6416600
2018-12-20,77.68000030517578,79.38999938964844,76.45999908447266,77.44000244140625,77.24118041992188,5567700
2018-12-21,78.30000305175781,79.45999908447266,75.62999725341797,76.56999969482422,76.3734130859375,7829900
2018-12-24,75.76000213623047,77.4000015258789,74.37999725341797,74.72000122070312,74.52816009521484,2556900
2018-12-26,75.19999694824219,77.94999694824219,73.91000366210938,77.88999938964844,77.69001770019531,3257300
2018-12-27,77.11000061035156,79.45999908447266,76.76000213623047,79.43000030517578,79.22606658935547,4261000
2018-12-28,79.95999908447266,80.29000091552734,78.30000305175781,79.30000305175781,79.09639739990234,2733600
2018-12-31,80.0,80.37999725341797,78.30000305175781,78.91000366210938,78.7073974609375,2942400
2019-01-02,77.22000122070312,80.63999938964844,77.19999694824219,80.37000274658203,80.16365814208984,3176600
2019-01-03,79.44999694824219,80.3499984741211,77.62000274658203,78.70999908447266,78.5079116821289,3747100
2019-01-04,80.81999969482422,85.25,80.04000091552734,84.41999816894531,84.2032470703125,7254400
2019-01-07,84.88999938964844,88.0999984741211,83.44000244140625,87.58999633789062,87.36510467529297,6611300
2019-01-08,88.45999908447266,89.73999786376953,87.69000244140625,89.0199966430664,88.79143524169922,6468300
2019-01-09,89.80999755859375,90.98999786376953,87.88999938964844,88.91000366210938,88.68172454833984,4178800
2019-01-10,88.79000091552734,91.44000244140625,88.5199966430664,91.01000213623047,90.77633666992188,4745600
2019-01-11,90.66999816894531,91.58999633789062,89.91000366210938,90.69999694824219,90.46712493896484,3757600
2019-01-14,89.62000274658203,89.9800033569336,88.41999816894531,88.58000183105469,88.35257720947266,3351500
2019-01-15,88.95999908447266,89.58000183105469,88.37000274658203,89.48999786376953,89.2602310180664,2794600
2019-01-16,88.0,90.08999633789062,85.95999908447266,89.91999816894531,89.68913269042969,6613100
2019-01-17,87.94999694824219,89.8499984741211,87.6500015258789,89.30999755859375,89.0806884765625,4283300
2019-01-18,90.30999755859375,93.16000366210938,90.2300033569336,92.5199966430664,92.2824478149414,5403600
2019-01-22,91.68000030517578,91.98999786376953,90.01000213623047,91.30999755859375,91.0755615234375,4474700
2019-01-23,91.93000030517578,92.0,88.44000244140625,89.12999725341797,88.90116119384766,4085900
2019-01-24,89.36000061035156,91.55000305175781,88.52999877929688,91.4800033569336,91.24513244628906,3167900
2019-01-25,92.44999694824219,92.9800033569336,90.87000274658203,91.73999786376953,91.50446319580078,4167700
2019-01-28,89.44999694824219,90.6500015258789,88.6500015258789,90.47000122070312,90.23771667480469,4339500
2019-01-29,89.88999938964844,89.88999938964844,86.81999969482422,87.23999786376953,87.01600646972656,3961400
2019-01-30,87.62000274658203,89.2699966430664,86.8499984741211,89.2300033569336,89.00090026855469,3797800
2019-01-31,89.9800033569336,92.80000305175781,89.55000305175781,92.23999786376953,92.00316619873047,4148200
2019-02-01,92.19999694824219,92.80000305175781,90.83000183105469,91.22000122070312,90.98579406738281,2890300
2019-02-04,91.05999755859375,91.06999969482422,88.19000244140625,88.43000030517578,88.20295715332031,5982500
2019-02-05,89.05999755859375,92.8499984741211,88.88999938964844,92.5199966430664,92.2824478149414,11931400
2019-02-06,79.13999938964844,81.58999633789062,78.0,80.20999908447266,80.00406646728516,30198600
2019-02-07,79.9000015258789,85.58999633789062,79.9000015258789,84.0999984741211,83.88407135009766,11391300
2019-02-08,86.51000213623047,97.6500015258789,85.0,97.5999984741211,97.34941101074219,26898500
2019-02-11,102.16000366210938,106.94999694824219,96.7300033569336,97.23999786376953,96.9903335571289,38704500
2019-02-12,106.30999755859375,106.69999694824219,99.0199966430664,102.33000183105469,102.06726837158203,31161300
2019-02-13,104.55999755859375,105.23999786376953,100.68000030517578,102.25,101.98747253417969,15890000
2019-02-14,101.41000366210938,105.87000274658203,101.0,105.25,104.97977447509766,10547000
2019-02-15,107.4000015258789,108.80000305175781,104.7300033569336,106.83999633789062,106.56568908691406,11254900
2019-02-19,105.75,105.75,101.29000091552734,102.95999908447266,102.6956558227539,10882700
2019-02-20,102.43000030517578,102.91000366210938,97.55000305175781,98.62999725341797,98.37677001953125,10649100
2019-02-21,98.7699966430664,98.98999786376953,96.0,96.86000061035156,96.61131286621094,8104300
2019-02-22,97.05999755859375,97.30999755859375,92.8499984741211,95.91999816894531,95.67372131347656,11617000
2019-02-25,96.31999969482422,96.62999725341797,93.63999938964844,95.86000061035156,95.61388397216797,7046600
2019-02-26,95.6500015258789,99.61000061035156,94.81999969482422,98.5,98.24710083007812,8701100
2019-02-27,98.81999969482422,100.80999755859375,97.4000015258789,97.83999633789062,97.58879852294922,5207600
2019-02-28,97.95999908447266,98.63999938964844,95.66999816894531,95.77999877929688,95.53408813476562,5695000
2019-03-01,96.83000183105469,97.94000244140625,95.30999755859375,97.41000366210938,97.15990447998047,4443600
2019-03-04,98.30999755859375,99.43000030517578,95.56999969482422,97.29000091552734,97.04020690917969,7187200
2019-03-05,96.26000213623047,97.05999755859375,95.1500015258789,95.72000122070312,95.47423553466797,6041900
2019-03-06,95.31999969482422,96.37999725341797,94.12999725341797,94.7699966430664,94.52667236328125,3987500
2019-03-07,95.0,99.55999755859375,94.47000122070312,99.36000061035156,99.10488891601562,8866800
2019-03-08,97.95999908447266,99.75,97.4800033569336,98.36000061035156,98.10746002197266,7357900
2019-03-11,98.5999984741211,99.95999908447266,97.94000244140625,99.04000091552734,98.78571319580078,4623500
2019-03-12,99.4000015258789,99.5,98.1500015258789,98.58999633789062,98.33686828613281,3737600
2019-03-13,98.69000244140625,101.08000183105469,97.7699966430664,100.12999725341797,99.87290954589844,6980000
2019-03-14,100.22000122070312,100.33999633789062,97.54000091552734,98.83000183105469,98.57625579833984,5908900
2019-03-15,99.66000366210938,100.1500015258789,98.23999786376953,98.9800033569336,98.72587585449219,5141800
2019-03-18,99.16000366210938,99.88999938964844,96.7300033569336,99.66000366210938,99.40412902832031,5113000
2019-03-19,100.33000183105469,100.55000305175781,97.0,97.51000213623047,97.2596435546875,6156800
2019-03-20,97.44000244140625,98.38999938964844,96.3499984741211,97.02999877929688,96.78087615966797,4824200
2019-03-21,96.48999786376953,105.0,96.48999786376953,104.87999725341797,104.61072540283203,9533400
2019-03-22,104.43000030517578,104.4800033569336,101.16000366210938,102.33999633789062,102.07723999023438,7158900
2019-03-25,102.4000015258789,103.54000091552734,100.87000274658203,101.7300033569336,101.46881103515625,3812400
2019-03-26,102.66000366210938,104.55000305175781,101.5,102.31999969482422,102.05728912353516,4059300
2019-03-27,102.69999694824219,102.86000061035156,100.27999877929688,100.66999816894531,100.41152954101562,2900800
2019-03-28,100.70999908447266,102.47000122070312,100.27999877929688,102.19999694824219,101.9375991821289,2347100
2019-03-29,102.6500015258789,102.97000122070312,101.23999786376953,101.62999725341797,101.36906433105469,3180800
2019-04-01,103.02999877929688,103.94999694824219,101.62000274658203,102.66999816894531,102.4063949584961,2879200
2019-04-02,103.01000213623047,103.0999984741211,100.16000366210938,100.83999633789062,100.58108520507812,3157500
2019-04-03,100.91000366210938,102.16000366210938,100.06999969482422,100.1500015258789,99.89286804199219,3522800
2019-04-04,99.98999786376953,100.30000305175781,97.58999633789062,97.94000244140625,97.68854522705078,4308700
2019-04-05,98.5,99.88999938964844,97.95999908447266,99.43000030517578,99.17471313476562,3738000
2019-04-08,99.01000213623047,99.41999816894531,95.66000366210938,97.94999694824219,97.6985092163086,3951000
2019-04-09,97.54000091552734,99.1500015258789,97.4000015258789,98.25,97.99774169921875,2543200
2019-04-10,98.58000183105469,100.3499984741211,98.37999725341797,99.62999725341797,99.37419891357422,2199500
2019-04-11,100.0,101.4000015258789,99.62999725341797,100.58000183105469,100.32176971435547,2530500
2019-04-12,101.12999725341797,102.38999938964844,100.31999969482422,101.83000183105469,101.56855773925781,2375900
2019-04-15,100.55000305175781,100.98999786376953,97.12000274658203,97.8499984741211,97.59877014160156,3965600
2019-04-16,97.41000366210938,97.5,92.80000305175781,93.83000183105469,93.58909606933594,7638900
2019-04-17,94.45999908447266,94.45999908447266,91.0,91.94999694824219,91.71392059326172,9779000
2019-04-18,92.06999969482422,93.58000183105469,91.0999984741211,93.13999938964844,92.90086364746094,4262200
2019-04-22,92.75,93.04000091552734,91.87999725341797,92.5199966430664,92.2824478149414,3011200
2019-04-23,93.0999984741211,94.95999908447266,92.83999633789062,94.62999725341797,94.38703155517578,3850800
2019-04-24,94.9000015258789,95.27999877929688,93.87000274658203,94.1500015258789,93.90827178955078,3041500
2019-04-25,94.1500015258789,94.19999694824219,92.68000030517578,92.9800033569336,92.74127960205078,2993000
2019-04-26,93.45999908447266,94.58000183105469,92.81999969482422,94.47000122070312,94.22744750976562,3496300
2019-04-29,94.88999938964844,95.58999633789062,94.1500015258789,94.7300033569336,94.48678588867188,3122600
2019-04-30,94.48999786376953,95.08000183105469,93.80000305175781,94.6500015258789,94.40699005126953,2824600
2019-05-01,95.01000213623047,97.19999694824219,94.73999786376953,94.86000061035156,94.61644744873047,4264300
2019-05-02,95.25,96.33000183105469,93.88999938964844,94.4000015258789,94.15763092041016,3609500
2019-05-03,93.69999694824219,93.87999725341797,90.69999694824219,92.5,92.26250457763672,6385800
2019-05-06,91.0999984741211,93.98999786376953,90.5199966430664,93.76000213623047,93.51927185058594,4413700
2019-05-07,93.11000061035156,93.4000015258789,91.83000183105469,92.7300033569336,92.4919204711914,7090900
2019-05-08,99.11000061035156,99.56999969482422,92.18000030517578,93.87999725341797,93.63896179199219,17468500
2019-05-09,92.5199966430664,94.23999786376953,92.19999694824219,93.31999969482422,93.08039855957031,5159100
2019-05-10,93.02999877929688,94.16000366210938,91.01000213623047,93.87999725341797,93.63896179199219,3979100
2019-05-13,92.01000213623047,93.12000274658203,89.91000366210938,90.41999816894531,90.18785095214844,3685400
2019-05-14,90.91999816894531,95.5199966430664,90.75,94.56999969482422,94.32719421386719,5769300
2019-05-15,93.80000305175781,98.31999969482422,93.66000366210938,96.7699966430664,96.52153778076172,4694700
2019-05-16,96.73999786376953,99.05000305175781,96.11000061035156,99.0,98.74581909179688,3728600
2019-05-17,98.26000213623047,98.94999694824219,96.6500015258789,97.26000213623047,97.01029205322266,3031500
2019-05-20,95.44000244140625,96.0,92.30999755859375,92.69000244140625,92.4520263671875,3842900
2019-05-21,93.4000015258789,96.25,93.25,95.6500015258789,95.40442657470703,3958200
2019-05-22,94.83999633789062,95.5999984741211,93.62999725341797,93.83999633789062,93.59906005859375,1831200
2019-05-23,93.33999633789062,94.73999786376953,91.36000061035156,92.11000061035156,91.8735122680664,3072500
2019-05-24,92.66999816894531,93.30999755859375,91.48999786376953,92.2699966430664,92.03309631347656,2262600
2019-05-28,92.9800033569336,94.20999908447266,92.63999938964844,93.5,93.25994110107422,2729300
2019-05-29,92.76000213623047,93.80999755859375,91.80999755859375,92.55000305175781,92.3123779296875,1889400
2019-05-30,92.73999786376953,93.04000091552734,91.5,92.12999725341797,91.8934555053711,2513500
2019-05-31,90.9000015258789,93.27999877929688,90.88999938964844,93.08000183105469,92.84101867675781,2818700
2019-06-03,93.29000091552734,94.23999786376953,90.77999877929688,91.30999755859375,91.0755615234375,3405400
2019-06-04,91.58999633789062,94.20999908447266,90.19000244140625,94.12999725341797,93.88832092285156,2833500
2019-06-05,93.69000244140625,95.98999786376953,93.69000244140625,95.25,95.00544738769531,2584000
2019-06-06,95.95999908447266,97.37999725341797,95.05999755859375,96.38999938964844,96.14251708984375,2654200
2019-06-07,97.0,98.69000244140625,96.56999969482422,96.98999786376953,96.74098205566406,2021500
2019-06-10,98.0,98.12999725341797,94.05000305175781,95.51000213623047,95.26477813720703,2503200
2019-06-11,96.37999725341797,96.5,94.25,94.58000183105469,94.33716583251953,2097800
2019-06-12,94.80000305175781,94.95999908447266,91.72000122070312,92.66999816894531,92.43206787109375,2579200
2019-06-13,92.91999816894531,94.33999633789062,92.41000366210938,93.56999969482422,93.32975769042969,2526800
2019-06-14,93.55999755859375,93.79000091552734,90.45999908447266,92.7300033569336,92.4919204711914,3297400
2019-06-17,92.62000274658203,93.51000213623047,92.0,92.44000244140625,92.2026596069336,2431900
2019-06-18,93.4800033569336,95.30000305175781,91.94000244140625,92.02999877929688,91.79371643066406,3955900
2019-06-19,92.38999938964844,93.18000030517578,91.31999969482422,92.58000183105469,92.34230041503906,2795300
2019-06-20,93.75,94.88999938964844,93.06999969482422,93.19000244140625,92.95073699951172,2578300
2019-06-21,92.9800033569336,95.9800033569336,91.4000015258789,95.33000183105469,95.08524322509766,6237400
2019-06-24,95.66000366210938,99.55999755859375,95.2300033569336,99.0,98.74581909179688,5066800
2019-06-25,98.7699966430664,99.11000061035156,96.08000183105469,96.9000015258789,96.65121459960938,3364000
2019-06-26,97.51000213623047,98.04000091552734,95.62000274658203,97.31999969482422,97.07012939453125,2827100
2019-06-27,97.66999816894531,99.68000030517578,96.8499984741211,99.13999938964844,98.88545989990234,2907700
2019-06-28,100.73999786376953,101.44999694824219,99.2300033569336,101.26000213623047,101.00001525878906,5185200
2019-07-01,102.6500015258789,102.87999725341797,99.81999969482422,100.88999938964844,100.63096618652344,3447500
2019-07-02,101.76000213623047,103.58999633789062,100.79000091552734,102.72000122070312,102.45626831054688,3934200
2019-07-03,103.0,103.19000244140625,97.58999633789062,98.11000061035156,97.85810089111328,4659700
2019-07-05,97.7699966430664,97.83000183105469,91.3499984741211,93.5999984741211,93.35968017578125,11794100
2019-07-08,93.44000244140625,93.62999725341797,91.41999816894531,93.44000244140625,93.2000961303711,4512600
2019-07-09,92.5,92.69999694824219,90.54000091552734,92.05000305175781,91.81365966796875,4747000
2019-07-10,92.16000366210938,94.13999938964844,91.63999938964844,93.95999908447266,93.71875762939453,4561600
2019-07-11,93.79000091552734,94.8499984741211,92.56999969482422,93.48999786376953,93.24996185302734,3320700
2019-07-12,93.68000030517578,93.97000122070312,92.3499984741211,92.81999969482422,92.58168029785156,2657600
2019-07-15,92.75,93.01000213623047,91.83000183105469,92.22000122070312,91.98323059082031,2816900
2019-07-16,92.30999755859375,92.41000366210938,88.43000030517578,89.55000305175781,89.3200912475586,6090200
2019-07-17,89.75,90.8499984741211,89.30999755859375,89.69999694824219,89.46968841552734,3097400
2019-07-18,88.9000015258789,89.47000122070312,88.0199966430664,89.19000244140625,88.96100616455078,4105700
2019-07-19,89.3499984741211,89.41000366210938,87.47000122070312,87.5,87.27534484863281,3676400
2019-07-22,88.0199966430664,89.12999725341797,87.51000213623047,88.13999938964844,87.9136962890625,3200000
2019-07-23,88.87999725341797,89.13999938964844,87.70999908447266,88.22000122070312,87.99349975585938,2428900
2019-07-24,88.04000091552734,89.94000244140625,88.0,89.77999877929688,89.54948425292969,2137100
2019-07-25,88.44999694824219,89.7699966430664,87.87999725341797,89.16000366210938,88.93109130859375,2891200
2019-07-26,89.5,90.48999786376953,89.27999877929688,89.51000213623047,89.28018188476562,2281400
2019-07-29,89.41000366210938,89.79000091552734,86.94999694824219,88.87000274658203,88.64183044433594,5162900
2019-07-30,87.93000030517578,89.01000213623047,86.23999786376953,88.56999969482422,88.34259033203125,5666000
2019-07-31,94.0,96.54000091552734,91.04000091552734,92.5,92.26250457763672,11152800
2019-08-01,93.25,97.06999969482422,93.08000183105469,94.5999984741211,94.35711669921875,5870300
2019-08-02,94.75,95.37000274658203,91.83000183105469,92.88999938964844,92.65150451660156,2764900
2019-08-05,90.30999755859375,91.76000213623047,88.22000122070312,88.58999633789062,88.36254119873047,5117100
2019-08-06,90.80999755859375,91.55999755859375,89.62000274658203,90.0999984741211,89.86866760253906,3604500
2019-08-07,89.12000274658203,92.3499984741211,88.69999694824219,92.2699966430664,92.03309631347656,4498100
2019-08-08,92.94999694824219,95.29000091552734,92.4800033569336,95.2300033569336,94.98550415039062,3849300
2019-08-09,94.37000274658203,94.87000274658203,91.4000015258789,91.97000122070312,91.7338638305664,3496700
2019-08-12,91.5,92.55999755859375,91.04000091552734,91.7699966430664,91.53437805175781,1845800
2019-08-13,91.95999908447266,93.55999755859375,91.25,92.33999633789062,92.10291290283203,2414600
2019-08-14,90.41000366210938,90.75,87.5,88.0999984741211,87.8738021850586,5458800
2019-08-15,88.94999694824219,88.94999694824219,87.2300033569336,87.87999725341797,87.65436553955078,2821100
2019-08-16,88.55999755859375,90.37999725341797,88.06999969482422,89.55999755859375,89.3300552368164,2814900
2019-08-19,91.23999786376953,91.69999694824219,90.12000274658203,90.91000366210938,90.67658996582031,2511800
2019-08-20,90.58000183105469,93.56999969482422,90.27999877929688,92.69999694824219,92.46199035644531,4328000
2019-08-21,93.55000305175781,94.9800033569336,92.62000274658203,94.04000091552734,93.79855346679688,3007200
2019-08-22,94.44000244140625,94.94999694824219,92.72000122070312,94.62000274658203,94.37706756591797,2718400
2019-08-23,94.58999633789062,95.7300033569336,92.62000274658203,92.91000366210938,92.67145538330078,4213300
2019-08-26,93.7699966430664,94.52999877929688,93.25,94.37999725341797,94.13768005371094,2919400
2019-08-27,94.75,96.30000305175781,94.05999755859375,94.05999755859375,93.81849670410156,3773100
2019-08-28,93.7699966430664,94.04000091552734,91.56999969482422,92.4000015258789,92.16276550292969,3710100
2019-08-29,93.29000091552734,93.7300033569336,92.58999633789062,93.02999877929688,92.79114532470703,2601200
2019-08-30,93.52999877929688,94.20999908447266,92.9800033569336,93.68000030517578,93.4394760131836,1704300
2019-09-03,92.7300033569336,95.16999816894531,92.6500015258789,94.83000183105469,94.58653259277344,3263400
2019-09-04,95.23999786376953,98.12000274658203,94.76000213623047,97.94999694824219,97.6985092163086,3434700
2019-09-05,98.69999694824219,99.4800033569336,96.55999755859375,97.44999694824219,97.19979858398438,3020400
2019-09-06,98.02999877929688,99.81999969482422,97.6500015258789,98.52999877929688,98.27702331542969,2886000
2019-09-09,99.01000213623047,99.87999725341797,97.44000244140625,98.68000030517578,98.42664337158203,3115800
2019-09-10,98.44999694824219,101.2300033569336,97.7699966430664,99.5,99.24453735351562,4010500
2019-09-11,100.02999877929688,100.6500015258789,98.76000213623047,99.11000061035156,98.85553741455078,2409300
2019-09-12,99.88999938964844,101.77999877929688,98.05000305175781,98.33999633789062,98.08750915527344,4123000
2019-09-13,98.56999969482422,99.3499984741211,98.16000366210938,98.4800033569336,98.22715759277344,1719400
2019-09-16,98.02999877929688,99.23999786376953,97.5199966430664,99.12000274658203,98.86550903320312,1820400
2019-09-17,99.4800033569336,99.55000305175781,97.54000091552734,98.41999816894531,98.16730499267578,1815400
2019-09-18,97.7300033569336,98.33999633789062,96.52999877929688,98.27999877929688,98.02766418457031,1815800
2019-09-19,98.27999877929688,99.9000015258789,98.27999877929688,99.69000244140625,99.43405151367188,2546900
2019-09-20,100.19999694824219,100.5199966430664,98.2699966430664,98.69999694824219,98.44658660888672,3494900
2019-09-23,98.2300033569336,99.41000366210938,97.86000061035156,98.18000030517578,97.92792510986328,2067400
2019-09-24,98.08000183105469,98.37999725341797,96.7300033569336,97.36000061035156,97.11003112792969,2855200
2019-09-25,97.0999984741211,97.81999969482422,95.83000183105469,97.62999725341797,97.37933349609375,1964500
2019-09-26,97.61000061035156,97.97000122070312,95.66000366210938,96.62000274658203,96.3719253540039,1954200
2019-09-27,97.0199966430664,97.75,95.05000305175781,95.66999816894531,95.42436218261719,1967900
2019-09-30,95.8499984741211,97.98999786376953,95.68000030517578,97.81999969482422,97.56884765625,2522000
2019-10-01,97.80999755859375,98.0,95.12999725341797,96.75,96.50159454345703,3717900
2019-10-02,96.0,96.0,92.44000244140625,94.25,94.00801849365234,4097200
2019-10-03,93.52999877929688,95.02999877929688,92.87999725341797,94.33999633789062,94.0977783203125,3855600
2019-10-04,94.33999633789062,95.7699966430664,94.33999633789062,95.61000061035156,95.3645248413086,2221100
2019-10-07,95.12000274658203,95.81999969482422,93.31999969482422,93.56999969482422,93.32975769042969,2923200
2019-10-08,93.02999877929688,93.83000183105469,92.16000366210938,92.54000091552734,92.30240631103516,2803400
2019-10-09,93.0199966430664,94.5,92.80000305175781,92.87999725341797,92.64153289794922,1584400
2019-10-10,92.66000366210938,93.55999755859375,92.20999908447266,92.52999877929688,92.29242706298828,1963000
2019-10-11,93.93000030517578,95.87000274658203,93.75,94.19000244140625,93.94816589355469,3131700
2019-10-14,94.0,94.66000366210938,92.70999908447266,93.87999725341797,93.63896179199219,2369000
2019-10-15,94.13999938964844,95.27999877929688,93.22000122070312,95.1500015258789,94.90570831298828,2124900
2019-10-16,94.41000366210938,96.36000061035156,94.4000015258789,96.22000122070312,95.97295379638672,2981100
2019-10-17,96.70999908447266,98.0,96.5199966430664,96.76000213623047,96.5115737915039,2421100
2019-10-18,96.05000305175781,96.0999984741211,94.05000305175781,95.12999725341797,94.88574981689453,3151100
2019-10-21,95.4800033569336,96.83000183105469,95.0,95.80999755859375,95.56401062011719,1982700
2019-10-22,94.16999816894531,95.7699966430664,93.20999908447266,94.30000305175781,94.05789184570312,3364200
2019-10-23,94.43000030517578,96.25,94.36000061035156,95.70999908447266,95.46426391601562,2132300
2019-10-24,96.16000366210938,96.97000122070312,95.16999816894531,95.9800033569336,95.73357391357422,3237900
2019-10-25,95.54000091552734,96.3499984741211,94.61000061035156,96.30999755859375,96.0627212524414,2070100
2019-10-28,97.0,97.9000015258789,96.19999694824219,96.72000122070312,96.47167205810547,3615700
2019-10-29,96.72000122070312,97.5199966430664,94.37000274658203,94.41000366210938,94.16761016845703,7032500
2019-10-30,94.25,96.83999633789062,92.55999755859375,96.72000122070312,96.47167205810547,7143500
2019-10-31,96.62000274658203,96.72000122070312,94.87000274658203,96.4000015258789,96.15249633789062,3263400
2019-11-01,97.12000274658203,97.12000274658203,95.08000183105469,95.30000305175781,95.0553207397461,3369700
2019-11-04,96.3499984741211,98.52999877929688,95.5999984741211,98.1500015258789,97.89799499511719,3841000
2019-11-05,98.12999725341797,98.98999786376953,96.62999725341797,98.26000213623047,98.00772094726562,2719900
2019-11-06,98.68000030517578,99.18000030517578,97.97000122070312,98.66999816894531,98.41666412353516,2448100
2019-11-07,99.29000091552734,99.29000091552734,97.0199966430664,97.2300033569336,96.9803695678711,2156400
2019-11-08,96.91000366210938,98.5,96.31999969482422,98.2699966430664,98.01769256591797,2306600
2019-11-11,97.55000305175781,98.9000015258789,96.30999755859375,96.38999938964844,96.14251708984375,2159800
2019-11-12,96.41000366210938,96.83000183105469,95.25,96.33000183105469,96.08267211914062,3684300
2019-11-13,96.62000274658203,96.97000122070312,95.54000091552734,96.0,95.75352478027344,2860000
2019-11-14,96.19999694824219,98.4800033569336,96.12000274658203,97.54000091552734,97.28956604003906,3300700
2019-11-15,98.8499984741211,99.38999938964844,97.37000274658203,97.54000091552734,97.28956604003906,3315500
2019-11-18,97.43000030517578,98.0999984741211,96.69999694824219,97.38999938964844,97.13995361328125,2646600
2019-11-19,97.20999908447266,97.87000274658203,96.31999969482422,96.69000244140625,96.4417495727539,3415400
2019-11-20,96.12000274658203,98.91000366210938,96.12000274658203,98.12000274658203,97.86808013916016,3035700
2019-11-21,98.25,99.2300033569336,98.20999908447266,99.01000213623047,98.75579071044922,2817300
2019-11-22,99.66000366210938,99.93000030517578,98.31999969482422,99.19000244140625,98.93533325195312,2690200
2019-11-25,99.27999877929688,101.23999786376953,99.27999877929688,99.80000305175781,99.54376983642578,2812400
2019-11-26,99.87000274658203,100.13999938964844,98.70999908447266,99.27999877929688,99.02509307861328,2827300
2019-11-27,100.08999633789062,100.97000122070312,98.75,100.79000091552734,100.5312271118164,1862700
2019-11-29,100.02999877929688,102.0,100.0199966430664,101.01000213623047,100.75066375732422,1271600
2019-12-02,101.41999816894531,101.5999984741211,99.56999969482422,100.4000015258789,100.14222717285156,2723600
2019-12-03,99.54000091552734,101.47000122070312,99.0999984741211,101.2699966430664,101.0099868774414,2609900
2019-12-04,101.7699966430664,102.38999938964844,100.41999816894531,100.62999725341797,100.37162780761719,2735200
2019-12-05,101.44999694824219,102.2699966430664,100.36000061035156,102.12000274658203,101.8578109741211,2261600
2019-12-06,102.88999938964844,103.30000305175781,102.3499984741211,103.2300033569336,102.96495819091797,2564100
2019-12-09,103.33999633789062,103.5,101.93000030517578,102.02999877929688,101.76803588867188,1992800
2019-12-10,101.83999633789062,102.5,101.29000091552734,101.83999633789062,101.57852172851562,2006000
2019-12-11,101.87000274658203,103.51000213623047,101.81999969482422,103.19999694824219,102.9350357055664,2096800
2019-12-12,103.54000091552734,105.16999816894531,103.19000244140625,105.08999633789062,104.82017517089844,2518500
2019-12-13,105.33999633789062,105.83999633789062,103.80999755859375,104.55000305175781,104.28157043457031,2451600
2019-12-16,105.01000213623047,105.91999816894531,104.81999969482422,105.72000122070312,105.44856262207031,1849000
2019-12-17,105.86000061035156,106.2300033569336,105.12000274658203,105.75,105.47848510742188,1374300
2019-12-18,106.0,107.25,105.63999938964844,107.08000183105469,106.8050765991211,1573400
2019-12-19,107.0,107.87999725341797,106.63999938964844,107.33999633789062,107.06440734863281,1541800
2019-12-20,108.0199966430664,108.44999694824219,107.05999755859375,107.94999694824219,107.67283630371094,3320200
2019-12-23,108.2699966430664,108.91999816894531,107.66999816894531,107.79000091552734,107.51325225830078,1622600
2019-12-24,107.77999877929688,108.87000274658203,107.7300033569336,108.55000305175781,108.27130889892578,606100
2019-12-26,108.55999755859375,108.88999938964844,108.11000061035156,108.51000213623047,108.23139953613281,1676500
2019-12-27,108.5999984741211,108.88999938964844,107.80000305175781,108.43000030517578,108.15160369873047,1163400
2019-12-30,108.11000061035156,108.37000274658203,106.76000213623047,106.93000030517578,106.65545654296875,1758400
2019-12-31,106.58000183105469,107.5199966430664,106.43000030517578,107.51000213623047,107.23397064208984,1436200
2020-01-02,107.94000244140625,108.3499984741211,106.76000213623047,107.33999633789062,107.06440734863281,1901000
2020-01-03,105.58000183105469,107.75,105.12000274658203,107.19999694824219,106.92475891113281,1840300
2020-01-06,106.94999694824219,109.30999755859375,106.62999725341797,108.77999877929688,108.50070190429688,2934200
2020-01-07,109.0,109.25,107.7300033569336,108.38999938964844,108.11170959472656,1692400
2020-01-08,108.18000030517578,110.0,107.77999877929688,109.48999786376953,109.2088851928711,2651600
2020-01-09,110.0,110.33999633789062,108.2699966430664,109.36000061035156,109.07921600341797,1818600
2020-01-10,109.19999694824219,109.2699966430664,108.19999694824219,108.58999633789062,108.31119537353516,1756000
2020-01-13,109.05000305175781,110.06999969482422,108.62000274658203,109.81999969482422,109.53804016113281,1857400
2020-01-14,109.66000366210938,110.16999816894531,108.70999908447266,109.58000183105469,109.29866027832031,1723400
2020-01-15,109.79000091552734,110.44999694824219,109.13999938964844,109.61000061035156,109.32858276367188,1479100
2020-01-16,110.0,111.29000091552734,109.94999694824219,111.26000213623047,110.9743423461914,2108300
2020-01-17,112.37000274658203,112.98999786376953,111.55000305175781,112.93000030517578,112.64006042480469,3053300
2020-01-21,112.55000305175781,112.97000122070312,111.7699966430664,112.41000366210938,112.12139129638672,2165000
2020-01-22,112.7699966430664,114.04000091552734,112.68000030517578,113.08999633789062,112.79964447021484,2423100
2020-01-23,112.91999816894531,113.7300033569336,112.0,113.4800033569336,113.18864440917969,1564900
2020-01-24,114.0199966430664,114.12999725341797,111.62999725341797,112.33000183105469,112.04159545898438,2304000
2020-01-27,110.23999786376953,111.19000244140625,109.94999694824219,110.55999755859375,110.27613830566406,2175500
2020-01-28,111.29000091552734,112.87999725341797,111.05999755859375,111.9000015258789,111.61270141601562,2961900
2020-01-29,112.51000213623047,112.95999908447266,111.23999786376953,112.20999908447266,111.9218978881836,2463900
2020-01-30,111.43000030517578,111.88999938964844,110.30999755859375,111.63999938964844,111.3533706665039,3838500
2020-01-31,110.75,110.75,105.5,107.91999816894531,107.64291381835938,6995800
2020-02-03,107.93000030517578,109.44999694824219,104.4000015258789,105.04000091552734,104.77031707763672,4155500
2020-02-04,106.44000244140625,107.41999816894531,105.33000183105469,107.06999969482422,106.79509735107422,4190500
2020-02-05,108.62000274658203,108.95999908447266,107.12000274658203,107.81999969482422,107.54317474365234,2895700
2020-02-06,108.80000305175781,110.3499984741211,108.41000366210938,110.0,109.71758270263672,2500600
2020-02-07,109.16999816894531,110.95999908447266,108.73999786376953,109.08999633789062,108.80990600585938,2231300
2020-02-10,109.0199966430664,109.76000213623047,108.2300033569336,108.69999694824219,108.42090606689453,2170800
2020-02-11,108.94999694824219,109.2300033569336,107.94000244140625,109.04000091552734,108.76004028320312,1195300
2020-02-12,109.66999816894531,109.9800033569336,108.58999633789062,109.72000122070312,109.43829345703125,1567200
2020-02-13,109.1500015258789,109.33999633789062,107.97000122070312,108.83999633789062,108.56055450439453,1627000
2020-02-14,108.9000015258789,109.88999938964844,108.75,109.69000244140625,109.40837860107422,1227500
2020-02-18,109.08999633789062,109.83000183105469,108.69999694824219,109.45999908447266,109.17896270751953,2171400
2020-02-19,110.0999984741211,110.9000015258789,109.4000015258789,109.77999877929688,109.49813842773438,1540000
2020-02-20,108.72000122070312,109.37000274658203,107.44999694824219,109.19999694824219,108.91962432861328,4034000
2020-02-21,108.48999786376953,108.94000244140625,106.80000305175781,108.01000213623047,107.7326889038086,2546900
2020-02-24,105.05000305175781,107.93000030517578,105.0199966430664,107.02999877929688,106.75520324707031,2817100
2020-02-25,107.72000122070312,109.22000122070312,105.23999786376953,105.37999725341797,105.10942840576172,3651300
2020-02-26,106.36000061035156,108.26000213623047,105.5999984741211,106.54000091552734,106.2664566040039,2858000
2020-02-27,104.3499984741211,106.4000015258789,102.72000122070312,102.73999786376953,102.47621154785156,4906200
2020-02-28,100.29000091552734,101.88999938964844,98.58999633789062,101.37000274658203,101.10973358154297,6853700
2020-03-02,101.91999816894531,106.93000030517578,101.70999908447266,106.88999938964844,106.61556243896484,4291500
2020-03-03,106.7300033569336,109.70999908447266,105.37999725341797,106.69999694824219,106.42604064941406,3984800
2020-03-04,108.29000091552734,111.94000244140625,108.05999755859375,111.83000183105469,111.54287719726562,4289700
2020-03-05,109.48999786376953,111.93000030517578,109.11000061035156,110.20999908447266,109.92703247070312,3029900
2020-03-06,106.44999694824219,108.76000213623047,105.0,107.66999816894531,107.3935546875,3886200
2020-03-09,101.56999969482422,104.18000030517578,99.91000366210938,100.93000030517578,100.67086791992188,4784300
2020-03-10,101.4000015258789,103.56999969482422,96.6500015258789,103.37999725341797,103.11457061767578,6525600
2020-03-11,101.61000061035156,102.16999816894531,98.33000183105469,101.18000030517578,100.92021942138672,4906000
2020-03-12,94.79000091552734,99.41999816894531,92.55000305175781,93.3499984741211,93.1103286743164,6288700
2020-03-13,98.73999786376953,99.61000061035156,92.75,97.05999755859375,96.81079864501953,5842000
2020-03-16,89.19000244140625,96.12000274658203,85.69000244140625,88.66999816894531,88.44233703613281,6196600
2020-03-17,91.5999984741211,98.19999694824219,87.11000061035156,95.41000366210938,95.1650390625,6370100
2020-03-18,91.5,97.69000244140625,85.91999816894531,90.20999908447266,89.97838592529297,7073400
2020-03-19,90.94999694824219,93.9800033569336,86.0,90.05999755859375,89.82877349853516,6549700
2020-03-20,92.23999786376953,94.37000274658203,86.75,86.94000244140625,86.71678924560547,6174400
2020-03-23,89.7300033569336,97.72000122070312,88.43000030517578,95.47000122070312,95.22488403320312,8149000
2020-03-24,100.0,103.0999984741211,90.80999755859375,94.30000305175781,94.05789184570312,5765200
2020-03-25,93.52999877929688,94.1500015258789,89.45999908447266,89.63999938964844,89.40985107421875,5005600
2020-03-26,90.47000122070312,99.56999969482422,90.08000183105469,99.19999694824219,98.94529724121094,5750300
2020-03-27,96.52999877929688,99.68000030517578,94.62999725341797,95.37000274658203,95.12513732910156,4519800
2020-03-30,96.7699966430664,99.29000091552734,96.16999816894531,97.69000244140625,97.4391860961914,3352700
2020-03-31,97.79000091552734,101.0,96.62000274658203,100.16999816894531,99.91281127929688,3762300
2020-04-01,98.37999725341797,99.83999633789062,96.69999694824219,97.52999877929688,97.27959442138672,4056500
2020-04-02,98.0999984741211,102.81999969482422,97.5,102.29000091552734,102.0273666381836,3793000
2020-04-03,102.80999755859375,104.3499984741211,100.79000091552734,102.83000183105469,102.56598663330078,4084300
2020-04-06,105.38999938964844,107.5,104.55000305175781,106.51000213623047,106.23653411865234,4280200
2020-04-07,107.12999725341797,107.45999908447266,100.11000061035156,106.31999969482422,106.0470199584961,5496100
2020-04-08,106.94999694824219,108.23999786376953,105.25,106.80000305175781,106.52579498291016,3199600
2020-04-09,106.0,109.37999725341797,105.05999755859375,105.80000305175781,105.52835845947266,3717200
2020-04-13,105.6500015258789,109.77999877929688,104.6500015258789,109.30000305175781,109.01937866210938,2680800
2020-04-14,111.80000305175781,113.0199966430664,110.0,112.02999877929688,111.74236297607422,2622800
2020-04-15,110.73999786376953,114.47000122070312,110.20999908447266,113.51000213623047,113.21856689453125,3100000
2020-04-16,114.75,118.69000244140625,114.52999877929688,118.0999984741211,117.7967758178711,4020600
2020-04-17,116.70999908447266,117.0,112.6500015258789,115.1500015258789,114.85435485839844,5032100
2020-04-20,114.83999633789062,116.52999877929688,113.91999816894531,115.41000366210938,115.11369323730469,2946100
2020-04-21,114.68000030517578,116.19999694824219,112.11000061035156,113.2699966430664,112.97917175292969,2483200
2020-04-22,114.36000061035156,115.06999969482422,111.18000030517578,114.56999969482422,114.27584075927734,2558900
2020-04-23,114.69999694824219,116.62999725341797,113.69000244140625,114.45999908447266,114.16613006591797,2737700
2020-04-24,115.66999816894531,116.68000030517578,114.08999633789062,116.30999755859375,116.0113754272461,1753800
2020-04-27,117.97000122070312,118.47000122070312,115.12999725341797,116.0199966430664,115.72212219238281,2352000
2020-04-28,116.0,116.48999786376953,110.91999816894531,111.3499984741211,111.0641098022461,4647900
2020-04-29,111.87000274658203,114.44999694824219,110.86000061035156,112.77999877929688,112.49044036865234,3911900
2020-04-30,112.4800033569336,114.48999786376953,112.4000015258789,114.26000213623047,113.96664428710938,3506700
2020-05-01,113.12999725341797,114.36000061035156,112.05999755859375,113.2699966430664,112.97917175292969,2378600
2020-05-04,113.91000366210938,117.55999755859375,113.6500015258789,116.83000183105469,116.53003692626953,3284800
2020-05-05,118.31999969482422,120.19000244140625,116.30000305175781,119.61000061035156,119.30290222167969,5060600
2020-05-06,115.0,117.16000366210938,111.83000183105469,115.31999969482422,115.02391815185547,6082900
2020-05-07,116.2699966430664,116.94000244140625,114.7300033569336,116.80000305175781,116.5001220703125,3579000
2020-05-08,116.25,117.5199966430664,115.58000183105469,116.62000274658203,116.3205795288086,3597800
2020-05-11,116.93000030517578,118.5,116.3499984741211,117.37000274658203,117.06865692138672,2899100
2020-05-12,117.68000030517578,119.5199966430664,116.29000091552734,116.37000274658203,116.07122802734375,2875700
2020-05-13,117.06999969482422,119.16000366210938,114.5199966430664,116.9000015258789,116.59986114501953,3079200
2020-05-14,116.5,117.26000213623047,114.45999908447266,117.12000274658203,116.81929779052734,2802800
2020-05-15,116.22000122070312,118.9000015258789,116.11000061035156,118.12999725341797,117.82670593261719,3268100
2020-05-18,116.70999908447266,117.91999816894531,114.7300033569336,117.12000274658203,116.81929779052734,4335100
2020-05-19,116.7699966430664,119.37000274658203,116.72000122070312,118.54000091552734,118.23564910888672,2517900
2020-05-20,119.0999984741211,121.76000213623047,119.05999755859375,119.55000305175781,119.24305725097656,3530400
2020-05-21,119.87999725341797,119.87999725341797,117.19999694824219,117.36000061035156,117.05867767333984,2257100
2020-05-22,117.22000122070312,120.01000213623047,116.62000274658203,119.81999969482422,119.51236724853516,2287300
2020-05-26,120.44000244140625,120.4800033569336,116.19000244140625,116.63999938964844,116.34052276611328,3260800
2020-05-27,115.06999969482422,117.76000213623047,111.11000061035156,117.37999725341797,117.07862091064453,4978700
2020-05-28,117.98999786376953,122.0999984741211,116.7699966430664,121.3499984741211,121.03843688964844,4752400
2020-05-29,122.29000091552734,123.13999938964844,119.2699966430664,122.87999725341797,122.56450653076172,4571900
2020-06-01,123.27999877929688,124.27999877929688,122.37000274658203,122.77999877929688,122.46475982666016,2036400
2020-06-02,123.25,123.52999877929688,120.68000030517578,122.36000061035156,122.04584503173828,2357800
2020-06-03,122.1500015258789,122.1500015258789,117.19000244140625,117.93000030517578,117.62721252441406,3813000
2020-06-04,117.4800033569336,119.11000061035156,116.05000305175781,117.18000030517578,116.87914276123047,2905300
2020-06-05,115.44000244140625,119.19999694824219,113.27999877929688,118.31999969482422,118.0162124633789,3355300
2020-06-08,116.5,119.58000183105469,115.88999938964844,119.51000213623047,119.20316314697266,3500100
2020-06-09,120.0999984741211,121.76000213623047,118.54000091552734,121.06999969482422,120.7591552734375,2346000
2020-06-10,122.1500015258789,125.66000366210938,121.45999908447266,124.80999755859375,124.48954772949219,3956100
2020-06-11,124.66000366210938,127.54000091552734,121.94000244140625,122.41999816894531,122.10568237304688,3509300
2020-06-12,123.0999984741211,124.76000213623047,119.80999755859375,121.97000122070312,121.65684509277344,2525400
2020-06-15,122.9000015258789,127.5,122.70999908447266,126.5199966430664,126.19515991210938,3882600
2020-06-16,127.13999938964844,127.87000274658203,125.05999755859375,125.7300033569336,125.40719604492188,2513800
2020-06-17,126.7300033569336,129.00999450683594,126.29000091552734,128.11000061035156,127.78108215332031,2173300
2020-06-18,128.10000610351562,129.4499969482422,128.10000610351562,129.35000610351562,129.0178985595703,2461100
2020-06-19,131.1300048828125,131.24000549316406,127.9000015258789,130.19000244140625,129.85574340820312,4239900
2020-06-22,131.02000427246094,131.86000061035156,128.8000030517578,129.72000122070312,129.38694763183594,2869200
2020-06-23,131.32000732421875,133.60000610351562,130.1999969482422,130.60000610351562,130.2646942138672,2553400
2020-06-24,130.5500030517578,131.60000610351562,128.64999389648438,130.8699951171875,130.53399658203125,2208900
2020-06-25,131.47999572753906,131.88999938964844,129.08999633789062,130.74000549316406,130.40432739257812,2174400
2020-06-26,130.9199981689453,131.3800048828125,128.08999633789062,130.92999267578125,130.5938262939453,4905100
2020-06-29,130.97999572753906,132.3699951171875,129.1999969482422,130.69000244140625,130.3544464111328,1679600
2020-06-30,132.61000061035156,132.61000061035156,130.6999969482422,132.0500030517578,131.71096801757812,2177400
2020-07-01,132.0399932861328,135.52000427246094,131.3300018310547,135.22000122070312,134.87281799316406,3026300
2020-07-02,136.4199981689453,136.4199981689453,133.47000122070312,133.83999633789062,133.49636840820312,1893300
2020-07-06,135.47000122070312,136.52000427246094,133.50999450683594,134.27000427246094,133.92526245117188,2322100
2020-07-07,133.8699951171875,137.4199981689453,133.8000030517578,134.77999877929688,134.4339599609375,1895900
2020-07-08,135.91000366210938,136.33999633789062,134.50999450683594,135.61000061035156,135.26182556152344,1866600
2020-07-09,136.36000061035156,139.11000061035156,136.05999755859375,138.77000427246094,138.41371154785156,2312100
2020-07-10,139.4199981689453,141.25,138.2899932861328,140.80999755859375,140.44847106933594,2119800
2020-07-13,141.00999450683594,141.5800018310547,134.77000427246094,135.30999755859375,134.96258544921875,2570300
2020-07-14,134.1999969482422,138.7899932861328,133.47999572753906,138.52999877929688,138.17433166503906,2409300
2020-07-15,137.97999572753906,138.97999572753906,135.83999633789062,138.42999267578125,138.07456970214844,2050900
2020-07-16,137.83999633789062,138.36000061035156,135.75,138.0500030517578,137.69557189941406,1301700
2020-07-17,138.17999267578125,138.72999572753906,136.83999633789062,138.30999755859375,137.95489501953125,2040700
2020-07-20,139.42999267578125,142.30999755859375,138.75,141.52999877929688,141.1666259765625,1589700
2020-07-21,141.55999755859375,141.99000549316406,138.88999938964844,139.33999633789062,138.98223876953125,1481400
2020-07-22,140.9499969482422,140.9499969482422,137.8699951171875,138.3000030517578,137.94491577148438,2057600
2020-07-23,139.3000030517578,139.57000732421875,134.72999572753906,135.36000061035156,135.01246643066406,1896400
2020-07-24,133.75,136.25999450683594,132.72000122070312,135.24000549316406,134.89279174804688,1354100
2020-07-27,135.49000549316406,137.13999938964844,134.82000732421875,136.16000366210938,135.81040954589844,1819200
2020-07-28,135.4199981689453,136.30999755859375,134.38999938964844,134.77999877929688,134.4339599609375,1319800
2020-07-29,135.77000427246094,136.50999450683594,134.69000244140625,135.92999267578125,135.58099365234375,1532800
2020-07-30,135.6999969482422,138.83999633789062,135.25,138.58999633789062,138.23416137695312,2717700
2020-07-31,142.0399932861328,142.83999633789062,137.10000610351562,141.6199951171875,141.25637817382812,4301200
2020-08-03,141.5500030517578,143.42999267578125,139.5500030517578,142.36000061035156,141.99449157714844,2233800
2020-08-04,143.24000549316406,146.5,143.10000610351562,146.32000732421875,145.94432067871094,2680300
2020-08-05,145.82000732421875,146.33999633789062,143.25999450683594,146.17999267578125,145.8046875,1936900
2020-08-06,146.3300018310547,147.36000061035156,144.5,146.9499969482422,146.57269287109375,1671700
2020-08-07,146.42999267578125,146.83999633789062,142.32000732421875,143.99000549316406,143.62030029296875,1514800
2020-08-10,142.77000427246094,143.99000549316406,139.5,140.6999969482422,140.3387451171875,1378300
2020-08-11,141.14999389648438,141.14999389648438,135.55999755859375,135.6999969482422,135.35157775878906,2221700
2020-08-12,136.8800048828125,140.3000030517578,136.17999267578125,139.89999389648438,139.54080200195312,1714200
2020-08-13,141.1199951171875,142.85000610351562,140.5800018310547,141.77000427246094,141.406005859375,1191200
2020-08-14,141.63999938964844,142.00999450683594,139.9499969482422,140.42999267578125,140.06944274902344,1904200
2020-08-17,139.25,140.97000122070312,138.30999755859375,140.4499969482422,140.08938598632812,1481000
2020-08-18,140.60000610351562,142.74000549316406,140.16000366210938,142.5800018310547,142.21392822265625,1413900
2020-08-19,142.27999877929688,143.6199951171875,141.07000732421875,141.86000061035156,141.4957733154297,1816600
2020-08-20,141.6199951171875,143.9600067138672,141.0500030517578,143.47999572753906,143.1116180419922,1268100
2020-08-21,142.75999450683594,142.99000549316406,140.83999633789062,141.2100067138672,140.8474578857422,1940000
2020-08-24,142.27000427246094,142.83999633789062,141.2100067138672,142.3300018310547,141.96456909179688,1842600
2020-08-25,142.00999450683594,142.39999389648438,141.0,142.2100067138672,141.8448944091797,857600
2020-08-26,142.05999755859375,144.5,142.05999755859375,143.6300048828125,143.26123046875,1580500
2020-08-27,143.3800048828125,143.74000549316406,139.85000610351562,141.77000427246094,141.406005859375,1923000
2020-08-28,142.33999633789062,142.33999633789062,140.00999450683594,140.8699951171875,140.50831604003906,1553800
2020-08-31,141.0800018310547,141.11000061035156,138.08999633789062,139.47000122070312,139.11192321777344,2727200
2020-09-01,140.74000549316406,140.74000549316406,137.0800018310547,138.2899932861328,137.9349365234375,2710100
2020-09-02,138.0,140.3000030517578,136.63999938964844,139.55999755859375,139.20167541503906,2337400
2020-09-03,138.24000549316406,138.24000549316406,131.22000122070312,132.82000732421875,132.47900390625,3430500
2020-09-04,131.6300048828125,132.64999389648438,126.91000366210938,130.1300048828125,129.7958984375,2429700
2020-09-08,127.45999908447266,127.5,123.33000183105469,124.30000305175781,123.9808578491211,4622600
2020-09-09,126.54000091552734,129.52000427246094,124.88999938964844,128.6999969482422,128.36956787109375,2776500
2020-09-10,129.8800048828125,131.1300048828125,126.33999633789062,127.26000213623047,126.93326568603516,2460000
2020-09-11,127.98999786376953,128.38999938964844,124.4000015258789,126.0199966430664,125.69644165039062,1746600
2020-09-14,127.93000030517578,128.00999450683594,125.93000030517578,126.18000030517578,125.85603332519531,1376900
2020-09-15,127.98999786376953,129.86000061035156,127.5,128.3300018310547,128.00051879882812,2129600
2020-09-16,128.99000549316406,129.52000427246094,126.47000122070312,126.73999786376953,126.41459655761719,1832200
2020-09-17,124.22000122070312,126.54000091552734,123.54000091552734,125.26000213623047,124.93840026855469,2151800
2020-09-18,125.48999786376953,126.69999694824219,123.37000274658203,125.9000015258789,125.57675170898438,3402700
2020-09-21,124.33000183105469,128.47000122070312,124.1500015258789,128.2899932861328,127.96061706542969,2017400
2020-09-22,129.83999633789062,131.22000122070312,128.4600067138672,131.02000427246094,130.68362426757812,2081900
2020-09-23,131.57000732421875,132.32000732421875,127.94000244140625,128.4199981689453,128.09027099609375,2444400
2020-09-24,128.2100067138672,130.30999755859375,128.08999633789062,129.32000732421875,128.98797607421875,2001500
2020-09-25,129.50999450683594,132.00999450683594,128.69000244140625,131.19000244140625,130.85317993164062,1915600
2020-09-28,133.36000061035156,133.85000610351562,130.8699951171875,132.27999877929688,131.94036865234375,1796500
2020-09-29,132.05999755859375,132.42999267578125,129.5,130.02000427246094,129.68618774414062,1793500
2020-09-30,129.72999572753906,131.99000549316406,129.4499969482422,130.41000366210938,130.07518005371094,2164200
2020-10-01,132.07000732421875,134.05999755859375,131.4600067138672,132.77999877929688,132.4390869140625,1868800
2020-10-02,131.3699951171875,132.24000549316406,127.70999908447266,129.07000732421875,128.73863220214844,1751200
2020-10-05,130.08999633789062,132.9499969482422,129.07000732421875,130.72000122070312,130.38438415527344,1270100
2020-10-06,130.36000061035156,130.39999389648438,124.5199966430664,124.83999633789062,124.51947021484375,3753700
2020-10-07,126.41000366210938,126.5,123.97000122070312,125.01000213623047,124.68904113769531,3257500
2020-10-08,126.0999984741211,126.37999725341797,124.41999816894531,125.98999786376953,125.66651916503906,1959600
2020-10-09,126.86000061035156,128.44000244140625,125.91999816894531,127.44999694824219,127.12277221679688,1991700
2020-10-12,128.97999572753906,132.07000732421875,127.83000183105469,130.8800048828125,130.54397583007812,2106600
2020-10-13,131.8699951171875,133.5399932861328,130.16000366210938,132.94000244140625,132.5986785888672,2117300
2020-10-14,133.7899932861328,133.86000061035156,131.74000549316406,132.75,132.40916442871094,2520500
2020-10-15,131.07000732421875,132.41000366210938,129.8800048828125,131.33999633789062,131.00279235839844,1900100
2020-10-16,132.5,133.25999450683594,131.0500030517578,131.9199981689453,131.581298828125,1925000
2020-10-19,133.13999938964844,133.88999938964844,129.50999450683594,129.8699951171875,129.53656005859375,1454300
2020-10-20,130.4199981689453,130.60000610351562,127.08999633789062,127.36000061035156,127.03300476074219,2249200
2020-10-21,127.9800033569336,129.4499969482422,127.30000305175781,127.6500015258789,127.32225799560547,2200800
2020-10-22,127.77999877929688,128.00999450683594,125.4000015258789,126.91999816894531,126.59413146972656,1791800
2020-10-23,127.23999786376953,127.6500015258789,125.52999877929688,126.7699966430664,126.44451904296875,1215200
2020-10-26,126.41000366210938,127.5,125.02999877929688,126.68000030517578,126.35475158691406,2166000
2020-10-27,127.36000061035156,127.58000183105469,126.0999984741211,126.62000274658203,126.29490661621094,1452800
2020-10-28,125.62000274658203,127.06999969482422,124.80999755859375,125.5999984741211,125.27752685546875,2079600
2020-10-29,125.79000091552734,126.16999816894531,122.7699966430664,123.9000015258789,123.5818862915039,2633500
2020-10-30,122.98999786376953,124.08999633789062,118.5199966430664,119.83000183105469,119.5223388671875,3312900
2020-11-02,120.94000244140625,121.05999755859375,117.79000091552734,119.80999755859375,119.50238800048828,2650000
2020-11-03,120.75,121.45999908447266,119.4000015258789,120.73999786376953,120.43000030517578,2022200
2020-11-04,124.87999725341797,126.9800033569336,123.72000122070312,125.30999755859375,124.98826599121094,2594800
2020-11-05,128.8800048828125,128.8800048828125,126.27999877929688,128.3300018310547,128.00051879882812,3291700
2020-11-06,119.5,120.69999694824219,114.52999877929688,119.19000244140625,118.88398742675781,12151100
2020-11-09,116.45999908447266,121.30000305175781,110.1500015258789,116.97000122070312,116.66968536376953,7097200
2020-11-10,116.98999786376953,120.52999877929688,114.77999877929688,118.93000030517578,118.62464904785156,4454200
2020-11-11,120.30000305175781,120.63999938964844,117.58999633789062,119.77999877929688,119.47246551513672,3572900
2020-11-12,120.93000030517578,122.31999969482422,118.97000122070312,119.31999969482422,119.0136489868164,2339800
2020-11-13,120.22000122070312,121.45999908447266,119.37000274658203,120.80000305175781,120.48985290527344,2110900
2020-11-16,119.25,120.70999908447266,117.55000305175781,118.5999984741211,118.29549407958984,3069300
2020-11-17,119.33000183105469,120.6500015258789,118.05000305175781,118.5199966430664,118.2156982421875,2954200
2020-11-18,118.33999633789062,118.58000183105469,116.6500015258789,116.83999633789062,116.5400161743164,2509200
2020-11-19,116.73999786376953,121.5199966430664,116.41000366210938,120.13999938964844,119.83154296875,2839200
2020-11-20,119.52999877929688,123.0,119.0999984741211,121.87000274658203,121.55709838867188,3186800
2020-11-23,122.02999877929688,123.38999938964844,120.44000244140625,121.86000061035156,121.54712677001953,2085800
2020-11-24,121.48999786376953,121.97000122070312,119.73999786376953,120.25,119.9412612915039,3471800
2020-11-25,120.80999755859375,123.55999755859375,120.5999984741211,121.51000213623047,121.19802856445312,2850900
2020-11-27,123.58000183105469,125.0,122.41000366210938,124.16999816894531,123.8511962890625,2489400
2020-11-30,124.7699966430664,128.39999389648438,123.2699966430664,127.75,127.42200469970703,10085200
2020-12-01,127.58000183105469,128.0,125.66000366210938,127.23999786376953,127.0824203491211,2826200
2020-12-02,127.02999877929688,129.75,126.4800033569336,129.5399932861328,129.37957763671875,1905700
2020-12-03,130.5,130.8699951171875,128.17999267578125,128.3800048828125,128.2210235595703,2352200
2020-12-04,126.41999816894531,129.14999389648438,126.25,128.69000244140625,128.53062438964844,2743100
2020-12-07,129.19000244140625,130.97999572753906,128.8800048828125,130.83999633789062,130.67796325683594,2671200
2020-12-08,130.42999267578125,132.5399932861328,129.72000122070312,132.14999389648438,131.98634338378906,2835800
2020-12-09,131.55999755859375,133.6300048828125,130.83999633789062,133.1699981689453,133.0050811767578,4229400
2020-12-10,131.66000366210938,135.3699951171875,131.25,134.67999267578125,134.51319885253906,2903800
2020-12-11,134.77999877929688,137.11000061035156,134.6300048828125,135.8000030517578,135.63182067871094,3195700
2020-12-14,138.5,138.58999633789062,136.60000610351562,137.5399932861328,137.36965942382812,3356900
2020-12-15,137.80999755859375,140.8000030517578,137.11000061035156,140.66000366210938,140.48580932617188,3394600
2020-12-16,139.5,143.4499969482422,139.3300018310547,141.60000610351562,141.42465209960938,4029200
2020-12-17,141.9499969482422,142.5,138.32000732421875,139.85000610351562,139.67681884765625,3625700
2020-12-18,140.66000366210938,142.97000122070312,139.5800018310547,142.61000061035156,142.4333953857422,4874000
2020-12-21,141.6300048828125,142.3699951171875,138.97000122070312,141.00999450683594,140.8353729248047,2631100
2020-12-22,141.24000549316406,141.72000122070312,138.69000244140625,139.42999267578125,139.25732421875,2102900
2020-12-23,139.52000427246094,142.38999938964844,138.6300048828125,141.50999450683594,141.33474731445312,1762400
2020-12-24,141.32000732421875,142.1999969482422,140.77999877929688,141.80999755859375,141.63438415527344,688100
2020-12-28,142.3300018310547,142.5500030517578,138.77999877929688,140.72000122070312,140.5457305908203,1756100
2020-12-29,141.0,142.1300048828125,140.27999877929688,140.6999969482422,140.5257568359375,1188400
2020-12-30,141.38999938964844,142.6300048828125,140.88999938964844,142.0500030517578,141.87408447265625,1684500
2020-12-31,141.91000366210938,143.86000061035156,141.91000366210938,143.60000610351562,143.4221649169922,1689900
2021-01-04,143.44000244140625,143.64999389648438,138.16000366210938,139.50999450683594,139.33721923828125,3587000
2021-01-05,140.22999572753906,141.39999389648438,138.49000549316406,141.32000732421875,141.14498901367188,2117800
2021-01-06,138.52000427246094,140.1999969482422,136.38999938964844,136.8000030517578,136.63058471679688,2398500
2021-01-07,137.3300018310547,140.8699951171875,137.0,140.74000549316406,140.5657196044922,2936200
2021-01-08,140.86000061035156,142.0,139.92999267578125,141.86000061035156,141.684326171875,1902700
2021-01-11,141.52000427246094,141.72000122070312,139.30999755859375,141.22000122070312,141.0451202392578,2589800
2021-01-12,141.08999633789062,141.8000030517578,137.3000030517578,139.05999755859375,138.88778686523438,2166700
2021-01-13,138.57000732421875,138.9499969482422,134.6300048828125,136.33999633789062,136.17115783691406,3696500
2021-01-14,136.8300018310547,139.3800048828125,136.1300048828125,138.94000244140625,138.7679443359375,3511800
2021-01-15,139.25999450683594,140.66000366210938,137.91000366210938,139.0,138.82786560058594,2443700
2021-01-19,139.41000366210938,143.0,138.0,141.42999267578125,141.25485229492188,2693300
2021-01-20,142.42999267578125,145.9199981689453,141.7899932861328,145.60000610351562,145.41969299316406,3288400
2021-01-21,145.61000061035156,147.27999877929688,144.74000549316406,145.97000122070312,145.7892303466797,3014000
2021-01-22,144.97999572753906,146.47999572753906,144.50999450683594,146.0,145.81919860839844,3369200
2021-01-25,148.80999755859375,150.3000030517578,145.3800048828125,146.3000030517578,146.1188201904297,3728600
2021-01-26,146.36000061035156,146.9600067138672,145.19000244140625,146.3000030517578,146.1188201904297,3660300
2021-01-27,145.8300018310547,148.92999267578125,144.5399932861328,146.22999572753906,146.0489044189453,4368100
2021-01-28,146.1999969482422,146.6300048828125,142.89999389648438,143.00999450683594,142.8328857421875,3276700
2021-01-29,141.0,144.57000732421875,140.47000122070312,143.1999969482422,143.0226593017578,3665400
2021-02-01,143.7899932861328,147.2899932861328,143.52999877929688,145.8699951171875,145.68934631347656,4123100
2021-02-02,146.14999389648438,150.3000030517578,146.14999389648438,148.97000122070312,148.7855224609375,4185700
2021-02-03,144.36000061035156,144.61000061035156,138.0399932861328,140.82000732421875,140.64561462402344,6695600
2021-02-04,140.55999755859375,142.14999389648438,137.75999450683594,138.6300048828125,138.4583282470703,3930200
2021-02-05,139.91000366210938,142.47000122070312,139.3000030517578,141.22000122070312,141.0451202392578,3899200
2021-02-08,142.0,142.49000549316406,139.33999633789062,142.4600067138672,142.28358459472656,2538400
2021-02-09,142.57000732421875,148.22999572753906,142.42999267578125,146.11000061035156,145.92906188964844,4517900
2021-02-10,146.9499969482422,147.41000366210938,144.1199951171875,144.61000061035156,144.430908203125,2827100
2021-02-11,145.3300018310547,147.94000244140625,144.61000061035156,147.3300018310547,147.14755249023438,2592700
2021-02-12,146.82000732421875,147.83999633789062,145.0399932861328,147.74000549316406,147.55703735351562,1666100
2021-02-16,146.85000610351562,147.91000366210938,144.6199951171875,145.77999877929688,145.59945678710938,2526400
2021-02-17,145.07000732421875,146.02999877929688,143.3699951171875,145.8300018310547,145.64939880371094,1653900
2021-02-18,146.0500030517578,148.41000366210938,144.17999267578125,147.41000366210938,147.22744750976562,2087500
2021-02-19,147.67999267578125,148.97999572753906,145.44000244140625,145.9499969482422,145.76925659179688,2144000
2021-02-22,144.66000366210938,145.39999389648438,142.0,142.25999450683594,142.0838165283203,1833100
2021-02-23,140.22999572753906,141.97000122070312,136.19000244140625,141.1699981689453,140.99517822265625,2787000
2021-02-24,138.3000030517578,139.6199951171875,136.92999267578125,137.67999267578125,137.50949096679688,3735500
2021-02-25,137.25,138.9600067138672,134.10000610351562,135.24000549316406,135.07252502441406,3042600
2021-02-26,135.7100067138672,137.8300018310547,133.91000366210938,133.97000122070312,133.80409240722656,3646600
2021-03-01,134.83999633789062,137.86000061035156,134.75999450683594,137.27000427246094,137.10000610351562,2867400
2021-03-02,137.14999389648438,138.27999877929688,135.60000610351562,136.82000732421875,136.82000732421875,2720500
2021-03-03,135.92999267578125,136.75,132.72000122070312,133.0500030517578,133.0500030517578,2778500
2021-03-04,132.57000732421875,134.77000427246094,130.50999450683594,131.2899932861328,131.2899932861328,2938300
2021-03-05,131.52999877929688,132.92999267578125,129.50999450683594,132.60000610351562,132.60000610351562,2511000
2021-03-08,131.99000549316406,132.52000427246094,127.16999816894531,127.20999908447266,127.20999908447266,2182200
2021-03-09,130.24000549316406,133.0399932861328,129.97000122070312,130.92999267578125,130.92999267578125,2936700
2021-03-10,132.63999938964844,132.63999938964844,129.80999755859375,130.1199951171875,130.1199951171875,1842300
2021-03-11,132.4600067138672,132.80999755859375,131.0,131.33999633789062,131.33999633789062,2218100
2021-03-12,129.92999267578125,131.0,129.2100067138672,130.49000549316406,130.49000549316406,1327700
2021-03-15,130.44000244140625,130.94000244140625,129.13999938964844,130.88999938964844,130.88999938964844,2181700
2021-03-16,132.4600067138672,133.6999969482422,131.5,131.74000549316406,131.74000549316406,2281000
2021-03-17,131.25,131.25,128.75,130.60000610351562,130.60000610351562,2398600
2021-03-18,130.0399932861328,130.5800018310547,127.29000091552734,128.0,128.0,3482500
2021-03-19,128.52000427246094,129.80999755859375,127.9800033569336,128.39999389648438,128.39999389648438,4191400
2021-03-22,129.41000366210938,132.4600067138672,128.60000610351562,131.41000366210938,131.41000366210938,3153600
2021-03-23,131.5399932861328,134.47999572753906,131.0399932861328,133.0500030517578,133.0500030517578,2521200
2021-03-24,132.97000122070312,133.30999755859375,129.7100067138672,129.8000030517578,129.8000030517578,2165800
2021-03-25,129.05999755859375,130.42999267578125,128.1699981689453,130.02999877929688,130.02999877929688,1956600
2021-03-26,130.24000549316406,133.0,129.67999267578125,132.85000610351562,132.85000610351562,2229500
2021-03-29,132.50999450683594,136.00999450683594,131.52999877929688,134.97000122070312,134.97000122070312,2366900
2021-03-30,133.41000366210938,134.50999450683594,132.44000244140625,134.42999267578125,134.42999267578125,1952000
2021-03-31,134.7100067138672,136.6699981689453,134.27000427246094,135.3699951171875,135.3699951171875,2305100
2021-04-01,136.72999572753906,138.4199981689453,136.27999877929688,137.9600067138672,137.9600067138672,1724900
2021-04-05,137.50999450683594,141.75,137.27000427246094,141.5399932861328,141.5399932861328,2424400
2021-04-06,141.08999633789062,142.4199981689453,140.39999389648438,141.27999877929688,141.27999877929688,2129800
2021-04-07,141.3000030517578,142.77000427246094,140.75999450683594,142.00999450683594,142.00999450683594,1910200
2021-04-08,142.83999633789062,143.22999572753906,140.69000244140625,141.5500030517578,141.5500030517578,1776000
2021-04-09,140.60000610351562,140.72999572753906,138.44000244140625,140.4600067138672,140.4600067138672,1765500
2021-04-12,139.4199981689453,141.69000244140625,139.3300018310547,141.4499969482422,141.4499969482422,2058100
2021-04-13,142.58999633789062,143.8800048828125,141.4499969482422,142.11000061035156,142.11000061035156,2105300
2021-04-14,141.9199981689453,143.0500030517578,141.27000427246094,141.61000061035156,141.61000061035156,1424900
2021-04-15,141.61000061035156,142.97000122070312,140.6199951171875,142.77000427246094,142.77000427246094,1654300
2021-04-16,142.11000061035156,142.41000366210938,140.27000427246094,141.0500030517578,141.0500030517578,2468400
2021-04-19,140.0,141.35000610351562,138.75,139.6300048828125,139.6300048828125,2856300
2021-04-20,139.60000610351562,141.75,138.8300018310547,140.86000061035156,140.86000061035156,2058300
2021-04-21,140.30999755859375,141.1999969482422,139.08999633789062,141.0399932861328,141.0399932861328,1576700
2021-04-22,141.11000061035156,143.27000427246094,140.4199981689453,141.25999450683594,141.25999450683594,2498500
2021-04-23,142.52000427246094,143.60000610351562,140.83999633789062,143.13999938964844,143.13999938964844,2365300
2021-04-26,143.6300048828125,145.38999938964844,143.0399932861328,143.7899932861328,143.7899932861328,1749200
2021-04-27,144.36000061035156,144.42999267578125,142.5,143.4600067138672,143.4600067138672,2159500
2021-04-28,144.08999633789062,144.9499969482422,143.32000732421875,143.99000549316406,143.99000549316406,1453500
2021-04-29,144.3000030517578,146.72000122070312,143.49000549316406,146.33999633789062,146.33999633789062,1698700
2021-04-30,145.10000610351562,146.2899932861328,141.89999389648438,142.0800018310547,142.0800018310547,2551400
2021-05-03,142.7100067138672,143.47000122070312,141.0500030517578,141.17999267578125,141.17999267578125,2242800
2021-05-04,140.72999572753906,140.8800048828125,135.75,137.05999755859375,137.05999755859375,2511900
2021-05-05,138.02000427246094,140.61000061035156,137.6300048828125,137.86000061035156,137.86000061035156,2126700
2021-05-06,137.5800018310547,141.4199981689453,137.5800018310547,141.33999633789062,141.33999633789062,1957300
2021-05-07,142.58999633789062,143.83999633789062,141.77999877929688,142.4199981689453,142.4199981689453,1603800
2021-05-10,141.4499969482422,143.3300018310547,140.6199951171875,140.64999389648438,140.64999389648438,3119100
2021-05-11,138.89999389648438,142.47000122070312,138.69000244140625,141.36000061035156,141.36000061035156,4112800
2021-05-12,141.66000366210938,142.6999969482422,137.7899932861328,139.6699981689453,139.6699981689453,5809100
2021-05-13,138.9199981689453,140.94000244140625,138.02999877929688,139.1300048828125,139.1300048828125,2322900
2021-05-14,140.2100067138672,140.7100067138672,137.85000610351562,138.6199951171875,138.6199951171875,2494400
2021-05-17,137.0500030517578,138.35000610351562,136.4499969482422,137.52999877929688,137.52999877929688,2031200
2021-05-18,137.30999755859375,140.69000244140625,136.75999450683594,138.05999755859375,138.05999755859375,2079500
2021-05-19,135.97999572753906,139.1999969482422,135.55999755859375,138.8800048828125,138.8800048828125,1720100
2021-05-20,139.9199981689453,143.10000610351562,139.00999450683594,141.80999755859375,141.80999755859375,2459000
